request_id,generated_at,target_word,frame_count,timeline_frame_count,capture_fps,old_score,old_band,standard_json,query_json,error,new_score,new_band,score_delta,dtw_distance,normalized_distance,alignment_mode,score_scale_reason,query_left_hand_presence,query_right_hand_presence,query_pose_presence,query_face_presence,query_hand_presence_max
web_20260522_222243_a23d679c,2026-05-22T22:22:43,花,12,,3.6811926605504586,57.392243184382174,low,/data/WYC/signLanguage/work/generated/scoring_mvp_run2/all_demo_step4_worker_cache_v2/results/花/花_holistic_results.json,/data/WYC/signLanguage/work/generated/web_scoring_mvp/web_20260522_222243_a23d679c/holistic/user_花_web_20260522_222243_a23d679c_holistic_results.json,,65.91624153732661,borderline,8.523998352944439,0.03293650559848775,0.06043387104129569,full_sequence_with_action_window_diagnostics,visible_semantic_core_scale,0.0,0.75,1.0,1.0,0.75
web_20260522_225356_550e19fe,2026-05-22T22:53:57,花,15,,5.0,29.99669147386167,low,/data/WYC/signLanguage/work/generated/scoring_mvp_run2/all_demo_step4_worker_cache_v2/results/花/花_holistic_results.json,/data/WYC/signLanguage/work/generated/web_scoring_mvp/web_20260522_225356_550e19fe/holistic/user_花_web_20260522_225356_550e19fe_holistic_results.json,,76.20745687503639,normal_like,46.21076540117471,0.032383822226132786,0.03939807598048762,full_sequence_with_action_window_diagnostics,visible_semantic_core_scale,0.0,0.6666666666666666,1.0,1.0,0.6666666666666666
web_20260522_225823_46498d30,2026-05-22T22:58:24,花,15,,5.0,23.613415847637633,low,/data/WYC/signLanguage/work/generated/scoring_mvp_run2/all_demo_step4_worker_cache_v2/results/花/花_holistic_results.json,/data/WYC/signLanguage/work/generated/web_scoring_mvp/web_20260522_225823_46498d30/holistic/user_花_web_20260522_225823_46498d30_holistic_results.json,,35.28412884609053,low,11.670712998452899,0.026385463638864636,0.1250084317094628,full_sequence_with_action_window_diagnostics,default,0.0,0.4666666666666667,1.0,1.0,0.4666666666666667
web_20260522_225845_b21e0f2e,2026-05-22T22:58:46,花,15,,5.0,20.14634694742057,low,/data/WYC/signLanguage/work/generated/scoring_mvp_run2/all_demo_step4_worker_cache_v2/results/花/花_holistic_results.json,/data/WYC/signLanguage/work/generated/web_scoring_mvp/web_20260522_225845_b21e0f2e/holistic/user_花_web_20260522_225845_b21e0f2e_holistic_results.json,,75.50805366547473,normal_like,55.361706718054165,0.030874969607407668,0.04073497533164545,full_sequence_with_action_window_diagnostics,visible_semantic_core_scale,0.0,0.7333333333333333,1.0,1.0,0.7333333333333333
web_20260522_225852_a9aa43d6,2026-05-22T22:58:53,花,15,,5.0,13.545388114338172,low,/data/WYC/signLanguage/work/generated/scoring_mvp_run2/all_demo_step4_worker_cache_v2/results/花/花_holistic_results.json,/data/WYC/signLanguage/work/generated/web_scoring_mvp/web_20260522_225852_a9aa43d6/holistic/user_花_web_20260522_225852_a9aa43d6_holistic_results.json,,75.02724023876029,normal_like,61.48185212442211,0.0320571693577902,0.041661245605539944,full_sequence_with_action_window_diagnostics,visible_semantic_core_scale,0.0,0.8,1.0,1.0,0.8
web_20260522_231259_51a8c719,2026-05-22T23:13:00,花,6,,2.4541284403669725,8.367694979597621,low,/data/WYC/signLanguage/work/generated/scoring_mvp_run2/all_demo_step4_worker_cache_v2/results/花/花_holistic_results.json,/data/WYC/signLanguage/work/generated/web_scoring_mvp/web_20260522_231259_51a8c719/holistic/user_花_web_20260522_231259_51a8c719_holistic_results.json,,7.289176553173654,low,-1.0785184264239671,0.03144471107706818,0.31425355224196866,full_sequence_with_action_window_diagnostics,default,0.0,0.5,1.0,1.0,0.5
web_20260522_231304_9e8827a4,2026-05-22T23:13:05,花,15,,5.0,30.359517792715216,low,/data/WYC/signLanguage/work/generated/scoring_mvp_run2/all_demo_step4_worker_cache_v2/results/花/花_holistic_results.json,/data/WYC/signLanguage/work/generated/web_scoring_mvp/web_20260522_231304_9e8827a4/holistic/user_花_web_20260522_231304_9e8827a4_holistic_results.json,,64.72284058138203,borderline,34.363322788666814,0.032104478585080094,0.06308312346303362,full_sequence_with_action_window_diagnostics,visible_semantic_core_scale,0.0,0.7333333333333333,1.0,1.0,0.7333333333333333
web_20260522_232244_45d260ed,2026-05-22T23:22:46,花,30,,10.0,19.83783824974596,low,/data/WYC/signLanguage/work/generated/scoring_mvp_run2/all_demo_step4_worker_cache_v2/results/花/花_holistic_results.json,/data/WYC/signLanguage/work/generated/web_scoring_mvp/web_20260522_232244_45d260ed/holistic/user_花_web_20260522_232244_45d260ed_holistic_results.json,,40.39248166465142,low,20.55464341490546,0.026988523569125587,0.10878318188986522,full_sequence_with_action_window_diagnostics,default,0.0,0.6333333333333333,1.0,1.0,0.6333333333333333
web_20260522_232256_781c0807,2026-05-22T23:22:58,花,30,,10.0,16.631682986313653,low,/data/WYC/signLanguage/work/generated/scoring_mvp_run2/all_demo_step4_worker_cache_v2/results/花/花_holistic_results.json,/data/WYC/signLanguage/work/generated/web_scoring_mvp/web_20260522_232256_781c0807/holistic/user_花_web_20260522_232256_781c0807_holistic_results.json,,75.6684032655317,normal_like,59.036720279218045,0.028956483353693295,0.04042737848489324,full_sequence_with_action_window_diagnostics,visible_semantic_core_scale,0.0,0.7,1.0,1.0,0.7
web_20260522_232319_7e3cc881,2026-05-22T23:23:24,花,72,,24.0,22.22132070890977,low,/data/WYC/signLanguage/work/generated/scoring_mvp_run2/all_demo_step4_worker_cache_v2/results/花/花_holistic_results.json,/data/WYC/signLanguage/work/generated/web_scoring_mvp/web_20260522_232319_7e3cc881/holistic/user_花_web_20260522_232319_7e3cc881_holistic_results.json,,56.05103389141559,low,33.82971318250583,0.03031812936182362,0.08394160066061639,full_sequence_with_action_window_diagnostics,visible_semantic_core_scale,0.0,0.75,1.0,1.0,0.75
web_20260522_232339_70e4794b,2026-05-22T23:23:41,花,30,,10.0,15.963775766074415,low,/data/WYC/signLanguage/work/generated/scoring_mvp_run2/all_demo_step4_worker_cache_v2/results/花/花_holistic_results.json,/data/WYC/signLanguage/work/generated/web_scoring_mvp/web_20260522_232339_70e4794b/holistic/user_花_web_20260522_232339_70e4794b_holistic_results.json,,66.08187198469638,borderline,50.118096218621965,0.030094439652155316,0.06006998057600807,full_sequence_with_action_window_diagnostics,visible_semantic_core_scale,0.0,0.7666666666666667,1.0,1.0,0.7666666666666667
web_20260522_232406_cac18708,2026-05-22T23:24:08,花,30,,10.0,15.171965001183638,low,/data/WYC/signLanguage/work/generated/scoring_mvp_run2/all_demo_step4_worker_cache_v2/results/花/花_holistic_results.json,/data/WYC/signLanguage/work/generated/web_scoring_mvp/web_20260522_232406_cac18708/holistic/user_花_web_20260522_232406_cac18708_holistic_results.json,,72.29413592238917,borderline,57.12217092120554,0.0320391670783772,0.047041939314602904,full_sequence_with_action_window_diagnostics,visible_semantic_core_scale,0.0,0.8333333333333334,1.0,1.0,0.8333333333333334
web_20260522_232420_60da4112,2026-05-22T23:24:21,花,15,,5.0,27.86794013647761,low,/data/WYC/signLanguage/work/generated/scoring_mvp_run2/all_demo_step4_worker_cache_v2/results/花/花_holistic_results.json,/data/WYC/signLanguage/work/generated/web_scoring_mvp/web_20260522_232420_60da4112/holistic/user_花_web_20260522_232420_60da4112_holistic_results.json,,73.55804541390336,borderline,45.690105277425744,0.030858530681429935,0.04452882689872495,full_sequence_with_action_window_diagnostics,visible_semantic_core_scale,0.0,0.6666666666666666,1.0,1.0,0.6666666666666666
web_20260522_232642_fe440fb9,2026-05-22T23:26:43,花,15,,5.0,30.09345557585741,low,/data/WYC/signLanguage/work/generated/scoring_mvp_run2/all_demo_step4_worker_cache_v2/results/花/花_holistic_results.json,/data/WYC/signLanguage/work/generated/web_scoring_mvp/web_20260522_232642_fe440fb9/holistic/user_花_web_20260522_232642_fe440fb9_holistic_results.json,,77.74608008928338,normal_like,47.65262451342598,0.03063986941653092,0.03649969769338272,full_sequence_with_action_window_diagnostics,visible_semantic_core_scale,0.0,0.6666666666666666,1.0,1.0,0.6666666666666666
web_20260523_000032_5389521b,2026-05-23T00:00:33,花,15,,5.0,30.194433002398018,low,/data/WYC/signLanguage/work/generated/scoring_mvp_run2/all_demo_step4_worker_cache_v2/results/花/花_holistic_results.json,/data/WYC/signLanguage/work/generated/web_scoring_mvp/web_20260523_000032_5389521b/holistic/user_花_web_20260523_000032_5389521b_holistic_results.json,,44.312856851618875,low,14.118423849220857,0.030392246339051673,0.09766743943910372,full_sequence_with_action_window_diagnostics,default,0.0,0.6,1.0,1.0,0.6
web_20260523_000852_b2c2f1de,2026-05-23T00:08:53,花,15,,5.0,27.922603588328037,low,/data/WYC/signLanguage/work/generated/scoring_mvp_run2/all_demo_step4_worker_cache_v2/results/花/花_holistic_results.json,/data/WYC/signLanguage/work/generated/web_scoring_mvp/web_20260523_000852_b2c2f1de/holistic/user_花_web_20260523_000852_b2c2f1de_holistic_results.json,,55.05669695555204,low,27.134093367224004,0.029075003772567606,0.07161680135797892,full_sequence_with_action_window_diagnostics,default,0.0,0.6,1.0,1.0,0.6
web_20260523_000903_3123d2db,2026-05-23T00:09:04,花,15,,5.0,25.82151222416384,low,/data/WYC/signLanguage/work/generated/scoring_mvp_run2/all_demo_step4_worker_cache_v2/results/花/花_holistic_results.json,/data/WYC/signLanguage/work/generated/web_scoring_mvp/web_20260523_000903_3123d2db/holistic/user_花_web_20260523_000903_3123d2db_holistic_results.json,,75.73280695971134,normal_like,49.9112947355475,0.031168368899396712,0.04030401703744601,full_sequence_with_action_window_diagnostics,visible_semantic_core_scale,0.0,0.7333333333333333,1.0,1.0,0.7333333333333333
web_20260523_000913_d5072c6f,2026-05-23T00:09:14,花,15,,5.0,30.1897206061909,low,/data/WYC/signLanguage/work/generated/scoring_mvp_run2/all_demo_step4_worker_cache_v2/results/花/花_holistic_results.json,/data/WYC/signLanguage/work/generated/web_scoring_mvp/web_20260523_000913_d5072c6f/holistic/user_花_web_20260523_000913_d5072c6f_holistic_results.json,,76.82212603929722,normal_like,46.632405433106314,0.030984466557941907,0.038233235739284166,full_sequence_with_action_window_diagnostics,visible_semantic_core_scale,0.0,0.6666666666666666,1.0,1.0,0.6666666666666666
web_20260523_001048_5bcb9948,2026-05-23T00:10:49,跳,15,,5.0,10.128829432033834,low,/data/WYC/signLanguage/work/generated/scoring_mvp_run2/all_demo_step4_worker_cache_v2/results/跳/跳_holistic_results.json,/data/WYC/signLanguage/work/generated/web_scoring_mvp/web_20260523_001048_5bcb9948/holistic/user_跳_web_20260523_001048_5bcb9948_holistic_results.json,,58.387266788438815,low,48.25843735640498,0.36259118056204614,0.602024436663906,semantic_action_window,jump_relation_semantic_floor,0.4,0.6,1.0,1.0,0.6
web_20260523_001100_dea381ee,2026-05-23T00:11:01,跳,15,,5.0,13.29847433981089,low,/data/WYC/signLanguage/work/generated/scoring_mvp_run2/all_demo_step4_worker_cache_v2/results/跳/跳_holistic_results.json,/data/WYC/signLanguage/work/generated/web_scoring_mvp/web_20260523_001100_dea381ee/holistic/user_跳_web_20260523_001100_dea381ee_holistic_results.json,,3.844186638622691,low,-9.454287701188198,0.36743328117324564,0.586549465708861,semantic_action_window,short_action_window_with_query_energy_peak,0.4666666666666667,0.5333333333333333,1.0,1.0,0.5333333333333333
web_20260523_001113_b486eb41,2026-05-23T00:11:14,跳,15,,5.0,12.95461125489907,low,/data/WYC/signLanguage/work/generated/scoring_mvp_run2/all_demo_step4_worker_cache_v2/results/跳/跳_holistic_results.json,/data/WYC/signLanguage/work/generated/web_scoring_mvp/web_20260523_001113_b486eb41/holistic/user_跳_web_20260523_001113_b486eb41_holistic_results.json,,1.2390598663614791,low,-11.715551388537591,0.37864953004588203,0.7903471079192832,semantic_action_window,short_action_window_with_query_energy_peak,0.2,0.6,1.0,1.0,0.6
web_20260523_001152_83546751,2026-05-23T00:11:53,跳,15,,5.0,8.238104794656795,low,/data/WYC/signLanguage/work/generated/scoring_mvp_run2/all_demo_step4_worker_cache_v2/results/跳/跳_holistic_results.json,/data/WYC/signLanguage/work/generated/web_scoring_mvp/web_20260523_001152_83546751/holistic/user_跳_web_20260523_001152_83546751_holistic_results.json,,14.0274315706237,low,5.789326775966904,0.22227135388266564,0.3535479676057238,semantic_action_window,short_action_window_with_query_energy_peak,0.6666666666666666,0.6,1.0,1.0,0.6666666666666666
web_20260523_001204_d3564a22,2026-05-23T00:12:05,香蕉,15,,5.0,5.467720906300874,low,/data/WYC/signLanguage/work/generated/scoring_mvp_run2/all_demo_step4_worker_cache_v2/results/香蕉/香蕉_holistic_results.json,/data/WYC/signLanguage/work/generated/web_scoring_mvp/web_20260523_001204_d3564a22/holistic/user_香蕉_web_20260523_001204_d3564a22_holistic_results.json,,6.642109720750433,low,1.174388814449559,0.0500747523234087,0.32540886527234975,semantic_action_window,default,0.06666666666666667,0.06666666666666667,1.0,1.0,0.06666666666666667
web_20260523_001216_53df594b,2026-05-23T00:12:17,香蕉,15,,5.0,9.305928080104023,low,/data/WYC/signLanguage/work/generated/scoring_mvp_run2/all_demo_step4_worker_cache_v2/results/香蕉/香蕉_holistic_results.json,/data/WYC/signLanguage/work/generated/web_scoring_mvp/web_20260523_001216_53df594b/holistic/user_香蕉_web_20260523_001216_53df594b_holistic_results.json,,8.254857639863571,low,-1.0510704402404514,0.12727176865967543,0.42330834670850853,semantic_action_window,short_action_window_with_query_energy_peak,0.06666666666666667,0.5333333333333333,1.0,1.0,0.5333333333333333
web_20260523_001229_690e6b5a,2026-05-23T00:12:31,香蕉,30,,10.0,9.779508411466365,low,/data/WYC/signLanguage/work/generated/scoring_mvp_run2/all_demo_step4_worker_cache_v2/results/香蕉/香蕉_holistic_results.json,/data/WYC/signLanguage/work/generated/web_scoring_mvp/web_20260523_001229_690e6b5a/holistic/user_香蕉_web_20260523_001229_690e6b5a_holistic_results.json,,4.227026387064306,low,-5.5524820244020585,0.12009119478299046,0.5368928438123939,semantic_action_window,short_action_window_with_query_energy_peak,0.1,0.7,1.0,1.0,0.7
web_20260523_001241_e882a59e,2026-05-23T00:12:43,香蕉,30,,10.0,10.341481506065383,low,/data/WYC/signLanguage/work/generated/scoring_mvp_run2/all_demo_step4_worker_cache_v2/results/香蕉/香蕉_holistic_results.json,/data/WYC/signLanguage/work/generated/web_scoring_mvp/web_20260523_001241_e882a59e/holistic/user_香蕉_web_20260523_001241_e882a59e_holistic_results.json,,9.436885895155063,low,-0.9045956109103201,0.05883853782749832,0.4205976252041228,semantic_action_window,short_action_window_with_query_energy_peak,0.03333333333333333,0.5333333333333333,1.0,1.0,0.5333333333333333
web_20260523_005246_dbadcd43,2026-05-23T00:52:47,花,11,,5.0,44.30725157955068,low,/data/WYC/signLanguage/work/generated/scoring_mvp_run2/all_demo_step4_worker_cache_v2/results/花/花_holistic_results.json,/data/WYC/signLanguage/work/generated/web_scoring_mvp/web_20260523_005246_dbadcd43/holistic/user_花_web_20260523_005246_dbadcd43_holistic_results.json,,32.10114064084841,low,-12.206110938702267,0.030601451412890907,0.13635343470007458,full_sequence_with_action_window_diagnostics,default,0.0,0.6363636363636364,1.0,1.0,0.6363636363636364
web_20260523_005320_4bd5e0a3,2026-05-23T00:53:22,花,27,,29.44954128440367,79.34741521922126,normal_like,/data/WYC/signLanguage/work/generated/scoring_mvp_run2/all_demo_step4_worker_cache_v2/results/花/花_holistic_results.json,/data/WYC/signLanguage/work/generated/web_scoring_mvp/web_20260523_005320_4bd5e0a3/holistic/user_花_web_20260523_005320_4bd5e0a3_holistic_results.json,,78.50101410670366,normal_like,-0.8464011125175972,0.029229254969641277,0.0350985031953335,full_sequence_with_action_window_diagnostics,visible_semantic_core_scale,0.0,0.7407407407407407,1.0,1.0,0.7407407407407407
web_20260523_005533_c97daf95,2026-05-23T00:55:34,花,15,,5.0,76.81318447659731,normal_like,/data/WYC/signLanguage/work/generated/scoring_mvp_run2/all_demo_step4_worker_cache_v2/results/花/花_holistic_results.json,/data/WYC/signLanguage/work/generated/web_scoring_mvp/web_20260523_005533_c97daf95/holistic/user_花_web_20260523_005533_c97daf95_holistic_results.json,,55.933140797481826,low,-20.880043679115488,0.030972575283099806,0.06972157474405533,full_sequence_with_action_window_diagnostics,default,0.0,0.6,1.0,1.0,0.6
web_20260523_005941_0ec0ccab,2026-05-23T00:59:43,跳,15,,5.0,6.004243898470394,low,/data/WYC/signLanguage/work/generated/scoring_mvp_run2/all_demo_step4_worker_cache_v2/results/跳/跳_holistic_results.json,/data/WYC/signLanguage/work/generated/web_scoring_mvp/web_20260523_005941_0ec0ccab/holistic/user_跳_web_20260523_005941_0ec0ccab_holistic_results.json,,72.94156046282042,borderline,66.93731656435003,0.24862723915377483,0.4013452743596904,semantic_action_window,jump_relation_semantic_floor,0.8,0.5333333333333333,1.0,1.0,0.8
web_20260523_005953_cdf0697d,2026-05-23T00:59:54,跳,15,,5.0,22.68942393689148,low,/data/WYC/signLanguage/work/generated/scoring_mvp_run2/all_demo_step4_worker_cache_v2/results/跳/跳_holistic_results.json,/data/WYC/signLanguage/work/generated/web_scoring_mvp/web_20260523_005953_cdf0697d/holistic/user_跳_web_20260523_005953_cdf0697d_holistic_results.json,,1.3463234556132853,low,-21.343100481278196,0.3468904109263737,0.7754026814745296,semantic_action_window,short_action_window_with_query_energy_peak,0.4,0.4,1.0,1.0,0.4
web_20260523_010004_7eaf7ee3,2026-05-23T01:00:05,跳,15,,5.0,6.129902312308015,low,/data/WYC/signLanguage/work/generated/scoring_mvp_run2/all_demo_step4_worker_cache_v2/results/跳/跳_holistic_results.json,/data/WYC/signLanguage/work/generated/web_scoring_mvp/web_20260523_010004_7eaf7ee3/holistic/user_跳_web_20260523_010004_7eaf7ee3_holistic_results.json,,81.27714648082065,normal_like,75.14724416851263,0.25075330166362464,0.3599982662032847,semantic_action_window,jump_relation_semantic_floor,0.8,0.5333333333333333,1.0,1.0,0.8
web_20260523_010014_049faf7d,2026-05-23T01:00:15,跳,15,,5.0,13.657820182422173,low,/data/WYC/signLanguage/work/generated/scoring_mvp_run2/all_demo_step4_worker_cache_v2/results/跳/跳_holistic_results.json,/data/WYC/signLanguage/work/generated/web_scoring_mvp/web_20260523_010014_049faf7d/holistic/user_跳_web_20260523_010014_049faf7d_holistic_results.json,,1.0698789179942558,low,-12.587941264427917,0.35612464552229073,0.8167724468406845,semantic_action_window,short_action_window_with_query_energy_peak,0.4666666666666667,0.2,1.0,1.0,0.4666666666666667
web_20260523_010103_097b8081,2026-05-23T01:01:05,香蕉,30,,10.0,17.846127913857096,low,/data/WYC/signLanguage/work/generated/scoring_mvp_run2/all_demo_step4_worker_cache_v2/results/香蕉/香蕉_holistic_results.json,/data/WYC/signLanguage/work/generated/web_scoring_mvp/web_20260523_010103_097b8081/holistic/user_香蕉_web_20260523_010103_097b8081_holistic_results.json,,16.3480780836232,low,-1.4980498302338958,0.14195750628415651,0.30734704723109896,semantic_action_window,short_action_window_with_query_energy_peak,0.26666666666666666,0.5,1.0,1.0,0.5
web_20260523_010119_d0158d2a,2026-05-23T01:01:21,香蕉,30,,10.0,14.918709774573562,low,/data/WYC/signLanguage/work/generated/scoring_mvp_run2/all_demo_step4_worker_cache_v2/results/香蕉/香蕉_holistic_results.json,/data/WYC/signLanguage/work/generated/web_scoring_mvp/web_20260523_010119_d0158d2a/holistic/user_香蕉_web_20260523_010119_d0158d2a_holistic_results.json,,4.1413724439003525,low,-10.777337330673209,0.1347150035245931,0.5403669764653056,semantic_action_window,short_action_window_with_query_energy_peak,0.3,0.4666666666666667,1.0,1.0,0.4666666666666667
web_20260523_010145_82035a51,2026-05-23T01:01:48,香蕉,30,,10.0,20.752871808827138,low,/data/WYC/signLanguage/work/generated/scoring_mvp_run2/all_demo_step4_worker_cache_v2/results/香蕉/香蕉_holistic_results.json,/data/WYC/signLanguage/work/generated/web_scoring_mvp/web_20260523_010145_82035a51/holistic/user_香蕉_web_20260523_010145_82035a51_holistic_results.json,,3.7802783831245605,low,-16.972593425702577,0.07566714797099569,0.5558491509148746,semantic_action_window,short_action_window_with_query_energy_peak,0.43333333333333335,0.6333333333333333,1.0,1.0,0.6333333333333333
web_20260523_010203_88bdaf53,2026-05-23T01:02:06,花,30,,10.0,12.224539551856699,low,/data/WYC/signLanguage/work/generated/scoring_mvp_run2/all_demo_step4_worker_cache_v2/results/花/花_holistic_results.json,/data/WYC/signLanguage/work/generated/web_scoring_mvp/web_20260523_010203_88bdaf53/holistic/user_花_web_20260523_010203_88bdaf53_holistic_results.json,,12.0014139178321,low,-0.2231256340245995,0.03206605398535319,0.25441748599860936,full_sequence_with_action_window_diagnostics,default,0.13333333333333333,0.6333333333333333,1.0,1.0,0.6333333333333333
web_20260523_010215_ab4961d9,2026-05-23T01:02:17,花,30,,10.0,65.88345027708338,borderline,/data/WYC/signLanguage/work/generated/scoring_mvp_run2/all_demo_step4_worker_cache_v2/results/花/花_holistic_results.json,/data/WYC/signLanguage/work/generated/web_scoring_mvp/web_20260523_010215_ab4961d9/holistic/user_花_web_20260523_010215_ab4961d9_holistic_results.json,,69.42616470186267,borderline,3.542714424779291,0.029754523722084033,0.05291142459710152,full_sequence_with_action_window_diagnostics,visible_semantic_core_scale,0.0,0.6666666666666666,1.0,1.0,0.6666666666666666
web_20260523_010234_e2d59e5e,2026-05-23T01:02:37,跳,45,,15.0,6.617128910295234,low,/data/WYC/signLanguage/work/generated/scoring_mvp_run2/all_demo_step4_worker_cache_v2/results/跳/跳_holistic_results.json,/data/WYC/signLanguage/work/generated/web_scoring_mvp/web_20260523_010234_e2d59e5e/holistic/user_跳_web_20260523_010234_e2d59e5e_holistic_results.json,,74.91664395788516,borderline,68.29951504758992,0.27820758223473047,0.4069772299826234,semantic_action_window,jump_relation_semantic_floor,0.6666666666666666,0.4222222222222222,1.0,1.0,0.6666666666666666
web_20260523_011122_fb34e3e5,2026-05-23T01:11:24,跳,30,,10.0,11.705423102583957,low,/data/WYC/signLanguage/work/generated/scoring_mvp_run2/all_demo_step4_worker_cache_v2/results/跳/跳_holistic_results.json,/data/WYC/signLanguage/work/generated/web_scoring_mvp/web_20260523_011122_fb34e3e5/holistic/user_跳_web_20260523_011122_fb34e3e5_holistic_results.json,,7.798029869895625,low,-3.9073932326883316,0.30332966411567763,0.45923383169623,semantic_action_window,short_action_window_with_query_energy_peak,0.5333333333333333,0.5666666666666667,1.0,1.0,0.5666666666666667
web_20260523_011135_5967dd5a,2026-05-23T01:11:37,跳,30,,10.0,10.314502285252138,low,/data/WYC/signLanguage/work/generated/scoring_mvp_run2/all_demo_step4_worker_cache_v2/results/跳/跳_holistic_results.json,/data/WYC/signLanguage/work/generated/web_scoring_mvp/web_20260523_011135_5967dd5a/holistic/user_跳_web_20260523_011135_5967dd5a_holistic_results.json,,3.176326465637675,low,-7.138175819614462,0.36912364171864787,0.620900074158885,semantic_action_window,short_action_window_with_query_energy_peak,0.4666666666666667,0.7,1.0,1.0,0.7
web_20260523_015650_c394e067,2026-05-23T01:56:52,跳,19,37,14.682539682539682,63.27777934083104,borderline,/data/WYC/signLanguage/work/generated/scoring_mvp_run3/all_demo_step2_worker_cache_semantic_v1/results/跳/跳_holistic_results.json,/data/WYC/signLanguage/work/generated/web_scoring_mvp/web_20260523_015650_c394e067/holistic/user_跳_web_20260523_015650_c394e067_holistic_results.json,,84.92334172592344,normal_like,21.645562385092397,0.047507957405413435,0.0567061731277496,semantic_action_window,jump_relation_semantic_floor,0.8947368421052632,0.8947368421052632,1.0,1.0,0.8947368421052632
web_20260523_015727_2cb1fbe6,2026-05-23T01:57:28,跳,19,37,14.682539682539682,69.38912427350296,borderline,/data/WYC/signLanguage/work/generated/scoring_mvp_run3/all_demo_step2_worker_cache_semantic_v1/results/跳/跳_holistic_results.json,/data/WYC/signLanguage/work/generated/web_scoring_mvp/web_20260523_015727_2cb1fbe6/holistic/user_跳_web_20260523_015727_2cb1fbe6_holistic_results.json,,84.94841523300283,normal_like,15.559290959499876,0.044490776050910404,0.05107344476437807,semantic_action_window,jump_relation_semantic_floor,0.8947368421052632,0.8947368421052632,1.0,1.0,0.8947368421052632
web_20260523_015736_2678050f,2026-05-23T01:57:38,花,30,54,18.0,44.034384909632614,low,/data/WYC/signLanguage/work/generated/scoring_mvp_run3/all_demo_step2_worker_cache_semantic_v1/results/花/花_holistic_results.json,/data/WYC/signLanguage/work/generated/web_scoring_mvp/web_20260523_015736_2678050f/holistic/user_花_web_20260523_015736_2678050f_holistic_results.json,,75.15972705996214,normal_like,31.125342150329523,0.03211483704203059,0.04140542322090959,full_sequence_with_action_window_diagnostics,visible_semantic_core_scale,0.03333333333333333,0.7,1.0,1.0,0.7
web_20260523_015755_80a348dd,2026-05-23T01:57:57,花,30,54,18.0,47.89787395988078,low,/data/WYC/signLanguage/work/generated/scoring_mvp_run3/all_demo_step2_worker_cache_semantic_v1/results/花/花_holistic_results.json,/data/WYC/signLanguage/work/generated/web_scoring_mvp/web_20260523_015755_80a348dd/holistic/user_花_web_20260523_015755_80a348dd_holistic_results.json,,65.4269829205501,borderline,17.52910896066932,0.0315532564479656,0.06151413731096941,full_sequence_with_action_window_diagnostics,visible_semantic_core_scale,0.0,0.7666666666666667,1.0,1.0,0.7666666666666667
web_20260523_015816_3c06955d,2026-05-23T01:58:17,花,30,54,18.0,42.44982283222759,low,/data/WYC/signLanguage/work/generated/scoring_mvp_run3/all_demo_step2_worker_cache_semantic_v1/results/花/花_holistic_results.json,/data/WYC/signLanguage/work/generated/web_scoring_mvp/web_20260523_015816_3c06955d/holistic/user_花_web_20260523_015816_3c06955d_holistic_results.json,,44.56086578890497,low,2.1110429566773803,0.031176901040821693,0.0969976992989714,full_sequence_with_action_window_diagnostics,default,0.0,0.6333333333333333,1.0,1.0,0.6333333333333333
web_20260523_015835_2dfac551,2026-05-23T01:58:36,花,15,30,10.0,16.105046429392765,low,/data/WYC/signLanguage/work/generated/scoring_mvp_run3/all_demo_step2_worker_cache_semantic_v1/results/花/花_holistic_results.json,/data/WYC/signLanguage/work/generated/web_scoring_mvp/web_20260523_015835_2dfac551/holistic/user_花_web_20260523_015835_2dfac551_holistic_results.json,,26.115423144357187,low,10.010376714964423,0.032939754449510944,0.16111729453389062,full_sequence_with_action_window_diagnostics,default,0.0,0.7333333333333333,1.0,1.0,0.7333333333333333
web_20260523_020555_09843ad1,2026-05-23T02:05:57,跳,19,37,14.682539682539682,77.20913253035371,normal_like,/data/WYC/signLanguage/work/generated/scoring_mvp_run3/all_demo_step2_worker_cache_semantic_v1/results/跳/跳_holistic_results.json,/data/WYC/signLanguage/work/generated/web_scoring_mvp/web_20260523_020555_09843ad1/holistic/user_跳_web_20260523_020555_09843ad1_holistic_results.json,,84.94841523300283,normal_like,7.73928270264912,0.044490776050910404,0.05107344476437807,semantic_action_window,jump_relation_semantic_floor,0.8947368421052632,0.8947368421052632,1.0,1.0,0.8947368421052632
web_20260523_020656_ffa06ed9,2026-05-23T02:06:57,花,15,30,10.0,14.338281161904472,low,/data/WYC/signLanguage/work/generated/scoring_mvp_run3/all_demo_step2_worker_cache_semantic_v1/results/花/花_holistic_results.json,/data/WYC/signLanguage/work/generated/web_scoring_mvp/web_20260523_020656_ffa06ed9/holistic/user_花_web_20260523_020656_ffa06ed9_holistic_results.json,,26.66935513558576,low,12.331073973681288,0.0329345583399602,0.15859860329755254,full_sequence_with_action_window_diagnostics,default,0.06666666666666667,0.7333333333333333,1.0,1.0,0.7333333333333333
web_20260523_020721_d12639c5,2026-05-23T02:07:23,花,15,30,10.0,15.142202018342854,low,/data/WYC/signLanguage/work/generated/scoring_mvp_run3/all_demo_step2_worker_cache_semantic_v1/results/花/花_holistic_results.json,/data/WYC/signLanguage/work/generated/web_scoring_mvp/web_20260523_020721_d12639c5/holistic/user_花_web_20260523_020721_d12639c5_holistic_results.json,,27.39157695061995,low,12.249374932277096,0.03295210723868895,0.1553921556498834,full_sequence_with_action_window_diagnostics,default,0.0,0.8,1.0,1.0,0.8
web_20260523_020734_b9299448,2026-05-23T02:07:35,花,15,30,10.0,17.864326075467456,low,/data/WYC/signLanguage/work/generated/scoring_mvp_run3/all_demo_step2_worker_cache_semantic_v1/results/花/花_holistic_results.json,/data/WYC/signLanguage/work/generated/web_scoring_mvp/web_20260523_020734_b9299448/holistic/user_花_web_20260523_020734_b9299448_holistic_results.json,,28.958651357406918,low,11.094325281939462,0.0330560476145772,0.1487161426446319,full_sequence_with_action_window_diagnostics,default,0.0,0.6666666666666666,1.0,1.0,0.6666666666666666
web_20260523_020807_c15e8c2b,2026-05-23T02:08:08,花,15,30,10.0,20.272808589967102,low,/data/WYC/signLanguage/work/generated/scoring_mvp_run3/all_demo_step2_worker_cache_semantic_v1/results/花/花_holistic_results.json,/data/WYC/signLanguage/work/generated/web_scoring_mvp/web_20260523_020807_c15e8c2b/holistic/user_花_web_20260523_020807_c15e8c2b_holistic_results.json,,26.520639220902147,low,6.247830630935045,0.029192318378828915,0.15926963011303713,full_sequence_with_action_window_diagnostics,default,0.0,0.6666666666666666,1.0,1.0,0.6666666666666666
web_20260523_020825_2312ad97,2026-05-23T02:08:28,花,45,54,18.0,43.860521620186304,low,/data/WYC/signLanguage/work/generated/scoring_mvp_run3/all_demo_step2_worker_cache_semantic_v1/results/花/花_holistic_results.json,/data/WYC/signLanguage/work/generated/web_scoring_mvp/web_20260523_020825_2312ad97/holistic/user_花_web_20260523_020825_2312ad97_holistic_results.json,,63.31809108845088,borderline,19.457569468264573,0.03395909345739539,0.0662648692803439,full_sequence_with_action_window_diagnostics,visible_semantic_core_scale,0.0,0.7777777777777778,1.0,1.0,0.7777777777777778
web_20260523_020843_6ba8acd9,2026-05-23T02:08:48,花,60,60,20.0,40.357745674457924,low,/data/WYC/signLanguage/work/generated/scoring_mvp_run3/all_demo_step2_worker_cache_semantic_v1/results/花/花_holistic_results.json,/data/WYC/signLanguage/work/generated/web_scoring_mvp/web_20260523_020843_6ba8acd9/holistic/user_花_web_20260523_020843_6ba8acd9_holistic_results.json,,66.85704531405491,borderline,26.49929963959699,0.03241316979462149,0.05837895722517185,full_sequence_with_action_window_diagnostics,visible_semantic_core_scale,0.0,0.7166666666666667,1.0,1.0,0.7166666666666667
web_20260523_020951_6ff2657c,2026-05-23T02:09:56,跳,60,60,20.0,26.373830235321922,low,/data/WYC/signLanguage/work/generated/scoring_mvp_run3/all_demo_step2_worker_cache_semantic_v1/results/跳/跳_holistic_results.json,/data/WYC/signLanguage/work/generated/web_scoring_mvp/web_20260523_020951_6ff2657c/holistic/user_跳_web_20260523_020951_6ff2657c_holistic_results.json,,7.283056837579631,low,-19.09077339774229,0.21681206641670905,0.4445641738425614,semantic_action_window,short_action_window_with_query_energy_peak,0.26666666666666666,0.6666666666666666,1.0,1.0,0.6666666666666666
web_20260523_021006_aef545ce,2026-05-23T02:10:10,跳,60,60,20.0,4.212519102422762,low,/data/WYC/signLanguage/work/generated/scoring_mvp_run3/all_demo_step2_worker_cache_semantic_v1/results/跳/跳_holistic_results.json,/data/WYC/signLanguage/work/generated/web_scoring_mvp/web_20260523_021006_aef545ce/holistic/user_跳_web_20260523_021006_aef545ce_holistic_results.json,,71.52038063232162,borderline,67.30786152989886,0.3329664150705042,0.40810640775337137,semantic_action_window,jump_relation_semantic_floor,0.7333333333333333,0.6,1.0,1.0,0.7333333333333333
web_20260523_021604_9c415199,2026-05-23T02:16:08,跳,60,60,20.0,27.034157005087632,low,/data/WYC/signLanguage/work/generated/scoring_mvp_run3/all_demo_step2_worker_cache_semantic_v1/results/跳/跳_holistic_results.json,/data/WYC/signLanguage/work/generated/web_scoring_mvp/web_20260523_021604_9c415199/holistic/user_跳_web_20260523_021604_9c415199_holistic_results.json,,4.7839703876199815,low,-22.25018661746765,0.2794909329047356,0.5158880282499858,semantic_action_window,short_action_window_with_query_energy_peak,0.13333333333333333,0.7166666666666667,1.0,1.0,0.7166666666666667
web_20260523_021622_26666615,2026-05-23T02:16:24,跳,30,54,18.0,10.535983403133166,low,/data/WYC/signLanguage/work/generated/scoring_mvp_run3/all_demo_step2_worker_cache_semantic_v1/results/跳/跳_holistic_results.json,/data/WYC/signLanguage/work/generated/web_scoring_mvp/web_20260523_021622_26666615/holistic/user_跳_web_20260523_021622_26666615_holistic_results.json,,67.27163038358633,borderline,56.73564698045316,0.3005133831403335,0.4322340118757013,semantic_action_window,jump_relation_semantic_floor,0.6,0.5,1.0,1.0,0.6
web_20260523_022509_a44cb853,2026-05-23T02:25:12,跳,30,54,18.0,18.945522983315495,low,/data/WYC/signLanguage/work/generated/scoring_mvp_run3/all_demo_step2_worker_cache_semantic_v1/results/跳/跳_holistic_results.json,/data/WYC/signLanguage/work/generated/web_scoring_mvp/web_20260523_022509_a44cb853/holistic/user_跳_web_20260523_022509_a44cb853_holistic_results.json,,8.690248136280317,low,-10.255274847035178,0.2737661730991391,0.4145855349518649,semantic_action_window,short_action_window_with_query_energy_peak,0.7666666666666667,0.6666666666666666,1.0,1.0,0.7666666666666667
web_20260523_023452_bd691c4f,2026-05-23T02:34:56,花,53,105,29.44954128440367,81.68481514826072,normal_like,/data/WYC/signLanguage/work/generated/scoring_mvp_run3/all_demo_step2_worker_cache_semantic_v1/results/花/花_holistic_results.json,/data/WYC/signLanguage/work/generated/web_scoring_mvp/web_20260523_023452_bd691c4f/holistic/user_花_web_20260523_023452_bd691c4f_holistic_results.json,,79.39839837023891,normal_like,-2.2864167780218168,0.02899202722322958,0.033450338491697165,full_sequence_with_action_window_diagnostics,visible_semantic_core_scale,0.0,0.7735849056603774,1.0,1.0,0.7735849056603774
web_20260523_023716_bb545221,2026-05-23T02:37:17,花,15,30,10.0,26.73682542986098,low,/data/WYC/signLanguage/work/generated/scoring_mvp_run3/all_demo_step2_worker_cache_semantic_v1/results/花/花_holistic_results.json,/data/WYC/signLanguage/work/generated/web_scoring_mvp/web_20260523_023716_bb545221/holistic/user_花_web_20260523_023716_bb545221_holistic_results.json,,26.52134255072271,low,-0.2154828791382677,0.036608248191187985,0.15926644774406623,full_sequence_with_action_window_diagnostics,default,0.0,0.6666666666666666,1.0,1.0,0.6666666666666666
web_20260523_023729_fe2e847d,2026-05-23T02:37:30,花,15,30,10.0,27.805387851562084,low,/data/WYC/signLanguage/work/generated/scoring_mvp_run3/all_demo_step2_worker_cache_semantic_v1/results/花/花_holistic_results.json,/data/WYC/signLanguage/work/generated/web_scoring_mvp/web_20260523_023729_fe2e847d/holistic/user_花_web_20260523_023729_fe2e847d_holistic_results.json,,29.0084036445037,low,1.203015792941617,0.03306179338375074,0.1485101540562026,full_sequence_with_action_window_diagnostics,default,0.0,0.8,1.0,1.0,0.8
web_20260523_023751_844be9b0,2026-05-23T02:37:53,花,15,30,10.0,27.576015139176036,low,/data/WYC/signLanguage/work/generated/scoring_mvp_run3/all_demo_step2_worker_cache_semantic_v1/results/花/花_holistic_results.json,/data/WYC/signLanguage/work/generated/web_scoring_mvp/web_20260523_023751_844be9b0/holistic/user_花_web_20260523_023751_844be9b0_holistic_results.json,,29.167792098542172,low,1.5917769593661362,0.03273400609866125,0.14785261149615964,full_sequence_with_action_window_diagnostics,default,0.0,0.8666666666666667,1.0,1.0,0.8666666666666667
web_20260523_023814_169a471d,2026-05-23T02:38:17,花,30,54,18.0,73.35368954623446,borderline,/data/WYC/signLanguage/work/generated/scoring_mvp_run3/all_demo_step2_worker_cache_semantic_v1/results/花/花_holistic_results.json,/data/WYC/signLanguage/work/generated/web_scoring_mvp/web_20260523_023814_169a471d/holistic/user_花_web_20260523_023814_169a471d_holistic_results.json,,74.71281797294799,borderline,1.359128426713525,0.0348391223445133,0.042270184804482,full_sequence_with_action_window_diagnostics,visible_semantic_core_scale,0.0,0.8666666666666667,1.0,1.0,0.8666666666666667
web_20260523_023830_033d7664,2026-05-23T02:38:33,花,30,54,18.0,70.32694092754284,borderline,/data/WYC/signLanguage/work/generated/scoring_mvp_run3/all_demo_step2_worker_cache_semantic_v1/results/花/花_holistic_results.json,/data/WYC/signLanguage/work/generated/web_scoring_mvp/web_20260523_023830_033d7664/holistic/user_花_web_20260523_023830_033d7664_holistic_results.json,,75.43494345081731,normal_like,5.108002523274479,0.03167090723238341,0.040875438713940136,full_sequence_with_action_window_diagnostics,visible_semantic_core_scale,0.0,0.8,1.0,1.0,0.8
web_20260523_024000_dd35e1bb,2026-05-23T02:40:02,跳,30,54,18.0,8.24564551165642,low,/data/WYC/signLanguage/work/generated/scoring_mvp_run3/all_demo_step2_worker_cache_semantic_v1/results/跳/跳_holistic_results.json,/data/WYC/signLanguage/work/generated/web_scoring_mvp/web_20260523_024000_dd35e1bb/holistic/user_跳_web_20260523_024000_dd35e1bb_holistic_results.json,,4.122984148559758,low,-4.122661363096662,0.3346600076638852,0.5411221719397376,semantic_action_window,short_action_window_with_query_energy_peak,0.9,0.7,1.0,1.0,0.9
web_20260523_024025_9c6cf572,2026-05-23T02:40:28,跳,30,54,18.0,6.794082087415271,low,/data/WYC/signLanguage/work/generated/scoring_mvp_run3/all_demo_step2_worker_cache_semantic_v1/results/跳/跳_holistic_results.json,/data/WYC/signLanguage/work/generated/web_scoring_mvp/web_20260523_024025_9c6cf572/holistic/user_跳_web_20260523_024025_9c6cf572_holistic_results.json,,3.769062346165826,low,-3.025019741249445,0.2770320327843779,0.5563534137528376,semantic_action_window,short_action_window_with_query_energy_peak,0.3,0.6,1.0,1.0,0.6
web_20260523_024037_ff5b3fb5,2026-05-23T02:40:39,跳,30,54,18.0,9.784524923598282,low,/data/WYC/signLanguage/work/generated/scoring_mvp_run3/all_demo_step2_worker_cache_semantic_v1/results/跳/跳_holistic_results.json,/data/WYC/signLanguage/work/generated/web_scoring_mvp/web_20260523_024037_ff5b3fb5/holistic/user_跳_web_20260523_024037_ff5b3fb5_holistic_results.json,,6.226831427977597,low,-3.5576934956206845,0.29188021697759464,0.471154171699649,semantic_action_window,short_action_window_with_query_energy_peak,0.5,0.8333333333333334,1.0,1.0,0.8333333333333334
web_20260523_030621_977512c9,2026-05-23T03:06:25,花,53,105,29.44954128440367,76.33732180919093,normal_like,/data/WYC/signLanguage/work/generated/scoring_mvp_run3/all_demo_step2_worker_cache_semantic_v1/results/花/花_holistic_results.json,/data/WYC/signLanguage/work/generated/web_scoring_mvp/web_20260523_030621_977512c9/holistic/user_花_web_20260523_030621_977512c9_holistic_results.json,,79.39839837023891,normal_like,3.061076561047983,0.02899202722322958,0.033450338491697165,full_sequence_with_action_window_diagnostics,visible_semantic_core_scale,0.0,0.7735849056603774,1.0,1.0,0.7735849056603774
web_20260523_030625_c3f72e11,2026-05-23T03:06:26,跳,19,37,14.682539682539682,55.42522559571555,low,/data/WYC/signLanguage/work/generated/scoring_mvp_run3/all_demo_step2_worker_cache_semantic_v1/results/跳/跳_holistic_results.json,/data/WYC/signLanguage/work/generated/web_scoring_mvp/web_20260523_030625_c3f72e11/holistic/user_跳_web_20260523_030625_c3f72e11_holistic_results.json,,84.96471093977739,normal_like,29.539485344061838,0.047280118537600724,0.055043579513593774,semantic_action_window,jump_relation_semantic_floor,0.8947368421052632,0.8947368421052632,1.0,1.0,0.8947368421052632
web_20260523_031125_9cc568f2,2026-05-23T03:11:28,花,53,105,29.44954128440367,76.78697627873174,normal_like,/data/WYC/signLanguage/work/generated/scoring_mvp_run3/all_demo_step2_worker_cache_semantic_v1/results/花/花_holistic_results.json,/data/WYC/signLanguage/work/generated/web_scoring_mvp/web_20260523_031125_9cc568f2/holistic/user_花_web_20260523_031125_9cc568f2_holistic_results.json,,79.2397950568015,normal_like,2.452818778069755,0.029482937069314468,0.03374027482561618,full_sequence_with_action_window_diagnostics,visible_semantic_core_scale,0.0,0.7924528301886793,1.0,1.0,0.7924528301886793
web_20260523_031129_bd3988e8,2026-05-23T03:11:30,跳,19,37,14.682539682539682,75.1590126608191,normal_like,/data/WYC/signLanguage/work/generated/scoring_mvp_run3/all_demo_step2_worker_cache_semantic_v1/results/跳/跳_holistic_results.json,/data/WYC/signLanguage/work/generated/web_scoring_mvp/web_20260523_031129_bd3988e8/holistic/user_跳_web_20260523_031129_bd3988e8_holistic_results.json,,84.97386773835608,normal_like,9.814855077536976,0.04870685196651341,0.057656330301181155,semantic_action_window,jump_relation_semantic_floor,0.8947368421052632,0.8947368421052632,1.0,1.0,0.8947368421052632
web_20260523_031134_8688f93f,2026-05-23T03:11:36,跳,30,54,18.0,13.602052646839228,low,/data/WYC/signLanguage/work/generated/scoring_mvp_run3/all_demo_step2_worker_cache_semantic_v1/results/跳/跳_holistic_results.json,/data/WYC/signLanguage/work/generated/web_scoring_mvp/web_20260523_031134_8688f93f/holistic/user_跳_web_20260523_031134_8688f93f_holistic_results.json,,70.50504245667493,borderline,56.9029898098357,0.29589639787091027,0.4421007365663946,semantic_action_window,jump_relation_semantic_floor,0.7,0.6,1.0,1.0,0.7
web_20260523_031147_55d51ab9,2026-05-23T03:11:49,跳,30,54,18.0,6.233666022857974,low,/data/WYC/signLanguage/work/generated/scoring_mvp_run3/all_demo_step2_worker_cache_semantic_v1/results/跳/跳_holistic_results.json,/data/WYC/signLanguage/work/generated/web_scoring_mvp/web_20260523_031147_55d51ab9/holistic/user_跳_web_20260523_031147_55d51ab9_holistic_results.json,,0.8328617528044224,low,-5.400804270053551,0.3878581139702369,0.8125603533139072,semantic_action_window,short_action_window_with_query_energy_peak,0.5,0.6,1.0,1.0,0.6
web_20260523_031219_0da0bd96,2026-05-23T03:12:20,跳,15,30,10.0,7.3502367475858446,low,/data/WYC/signLanguage/work/generated/scoring_mvp_run3/all_demo_step2_worker_cache_semantic_v1/results/跳/跳_holistic_results.json,/data/WYC/signLanguage/work/generated/web_scoring_mvp/web_20260523_031219_0da0bd96/holistic/user_跳_web_20260523_031219_0da0bd96_holistic_results.json,,58.92586311961111,low,51.57562637202526,0.27834893128381044,0.47377210889587096,semantic_action_window,jump_relation_semantic_floor,0.7333333333333333,0.6666666666666666,1.0,1.0,0.7333333333333333
web_20260523_031235_d0de0d44,2026-05-23T03:12:36,跳,15,30,10.0,7.9760503996281455,low,/data/WYC/signLanguage/work/generated/scoring_mvp_run3/all_demo_step2_worker_cache_semantic_v1/results/跳/跳_holistic_results.json,/data/WYC/signLanguage/work/generated/web_scoring_mvp/web_20260523_031235_d0de0d44/holistic/user_跳_web_20260523_031235_d0de0d44_holistic_results.json,,72.5429794341052,borderline,64.56692903447706,0.23692616179518888,0.3194122984192183,semantic_action_window,jump_relation_semantic_floor,0.5333333333333333,0.6,1.0,1.0,0.6
web_20260523_031247_f927176a,2026-05-23T03:12:48,跳,15,30,10.0,3.2277955842301207,low,/data/WYC/signLanguage/work/generated/scoring_mvp_run3/all_demo_step2_worker_cache_semantic_v1/results/跳/跳_holistic_results.json,/data/WYC/signLanguage/work/generated/web_scoring_mvp/web_20260523_031247_f927176a/holistic/user_跳_web_20260523_031247_f927176a_holistic_results.json,,82.06160710461378,normal_like,78.83381152038366,0.24633801715392326,0.3817946679111411,semantic_action_window,jump_relation_semantic_floor,0.9333333333333333,0.5333333333333333,1.0,1.0,0.9333333333333333
web_20260523_031304_c5ddfa0c,2026-05-23T03:13:05,花,15,30,10.0,22.313452960141657,low,/data/WYC/signLanguage/work/generated/scoring_mvp_run3/all_demo_step2_worker_cache_semantic_v1/results/花/花_holistic_results.json,/data/WYC/signLanguage/work/generated/web_scoring_mvp/web_20260523_031304_c5ddfa0c/holistic/user_花_web_20260523_031304_c5ddfa0c_holistic_results.json,,20.43151342742945,low,-1.881939532712206,0.03293777774260642,0.1905710041466874,full_sequence_with_action_window_diagnostics,default,0.0,0.6,1.0,1.0,0.6
web_20260523_031317_966d9c05,2026-05-23T03:13:20,花,30,54,18.0,63.736707405844626,borderline,/data/WYC/signLanguage/work/generated/scoring_mvp_run3/all_demo_step2_worker_cache_semantic_v1/results/花/花_holistic_results.json,/data/WYC/signLanguage/work/generated/web_scoring_mvp/web_20260523_031317_966d9c05/holistic/user_花_web_20260523_031317_966d9c05_holistic_results.json,,58.99592279149647,low,-4.740784614348158,0.030226870929727784,0.07651676820637263,full_sequence_with_action_window_diagnostics,visible_semantic_core_scale,0.0,0.6333333333333333,1.0,1.0,0.6333333333333333
web_20260523_031333_6c5f7460,2026-05-23T03:13:35,花,30,54,18.0,57.250893659117885,low,/data/WYC/signLanguage/work/generated/scoring_mvp_run3/all_demo_step2_worker_cache_semantic_v1/results/花/花_holistic_results.json,/data/WYC/signLanguage/work/generated/web_scoring_mvp/web_20260523_031333_6c5f7460/holistic/user_花_web_20260523_031333_6c5f7460_holistic_results.json,,74.75439882357333,borderline,17.50350516445544,0.03459738763915712,0.0421895086050393,full_sequence_with_action_window_diagnostics,visible_semantic_core_scale,0.0,0.8333333333333334,1.0,1.0,0.8333333333333334
web_20260523_031345_3b07a113,2026-05-23T03:13:47,花,30,54,18.0,57.624289654552726,low,/data/WYC/signLanguage/work/generated/scoring_mvp_run3/all_demo_step2_worker_cache_semantic_v1/results/花/花_holistic_results.json,/data/WYC/signLanguage/work/generated/web_scoring_mvp/web_20260523_031345_3b07a113/holistic/user_花_web_20260523_031345_3b07a113_holistic_results.json,,76.64608478709745,normal_like,19.021795132544725,0.031007023471145694,0.0385658908556405,full_sequence_with_action_window_diagnostics,visible_semantic_core_scale,0.0,0.7666666666666667,1.0,1.0,0.7666666666666667
web_20260523_032325_7e7b2476,2026-05-23T03:23:27,花,30,54,18.0,53.28783130149808,low,/data/WYC/signLanguage/work/generated/scoring_mvp_run3/all_demo_step2_worker_cache_semantic_v1/results/花/花_holistic_results.json,/data/WYC/signLanguage/work/generated/web_scoring_mvp/web_20260523_032325_7e7b2476/holistic/user_花_web_20260523_032325_7e7b2476_holistic_results.json,,51.24543192226507,low,-2.042399379233011,0.02865170443619024,0.08022524461995262,full_sequence_with_action_window_diagnostics,default,0.0,0.5,1.0,1.0,0.5
web_20260523_032344_77c9db0c,2026-05-23T03:23:49,花,60,60,20.0,45.990665981025614,low,/data/WYC/signLanguage/work/generated/scoring_mvp_run3/all_demo_step2_worker_cache_semantic_v1/results/花/花_holistic_results.json,/data/WYC/signLanguage/work/generated/web_scoring_mvp/web_20260523_032344_77c9db0c/holistic/user_花_web_20260523_032344_77c9db0c_holistic_results.json,,66.46484471770337,borderline,20.474178736677757,0.031358949092213685,0.059232069201087936,full_sequence_with_action_window_diagnostics,visible_semantic_core_scale,0.0,0.7666666666666667,1.0,1.0,0.7666666666666667
web_20260523_041345_488a62c3,2026-05-23T04:13:49,花,53,105,29.44954128440367,71.08901152819504,borderline,/data/WYC/signLanguage/work/generated/scoring_mvp_run3/all_demo_step2_worker_cache_semantic_v1/results/花/花_holistic_results.json,/data/WYC/signLanguage/work/generated/web_scoring_mvp/web_20260523_041345_488a62c3/holistic/user_花_web_20260523_041345_488a62c3_holistic_results.json,,79.2397950568015,normal_like,8.150783528606453,0.029482937069314468,0.03374027482561618,full_sequence_with_action_window_diagnostics,visible_semantic_core_scale,0.0,0.7924528301886793,1.0,1.0,0.7924528301886793
web_20260523_041350_ad02e9e5,2026-05-23T04:13:51,跳,19,37,14.682539682539682,80.585615120759,normal_like,/data/WYC/signLanguage/work/generated/scoring_mvp_run3/all_demo_step2_worker_cache_semantic_v1/results/跳/跳_holistic_results.json,/data/WYC/signLanguage/work/generated/web_scoring_mvp/web_20260523_041350_ad02e9e5/holistic/user_跳_web_20260523_041350_ad02e9e5_holistic_results.json,,84.97386773835608,normal_like,4.388252617597075,0.04870685196651341,0.057656330301181155,semantic_action_window,jump_relation_semantic_floor,0.8947368421052632,0.8947368421052632,1.0,1.0,0.8947368421052632
web_20260523_041443_0292d680,2026-05-23T04:14:47,花,53,105,29.44954128440367,75.5006820116036,normal_like,/data/WYC/signLanguage/work/generated/scoring_mvp_run3/all_demo_step2_worker_cache_semantic_v1/results/花/花_holistic_results.json,/data/WYC/signLanguage/work/generated/web_scoring_mvp/web_20260523_041443_0292d680/holistic/user_花_web_20260523_041443_0292d680_holistic_results.json,,79.2397950568015,normal_like,3.7391130451978967,0.029482937069314468,0.03374027482561618,full_sequence_with_action_window_diagnostics,visible_semantic_core_scale,0.0,0.7924528301886793,1.0,1.0,0.7924528301886793
web_20260523_041447_f7341789,2026-05-23T04:14:48,跳,19,37,14.682539682539682,80.585615120759,normal_like,/data/WYC/signLanguage/work/generated/scoring_mvp_run3/all_demo_step2_worker_cache_semantic_v1/results/跳/跳_holistic_results.json,/data/WYC/signLanguage/work/generated/web_scoring_mvp/web_20260523_041447_f7341789/holistic/user_跳_web_20260523_041447_f7341789_holistic_results.json,,84.97386773835608,normal_like,4.388252617597075,0.04870685196651341,0.057656330301181155,semantic_action_window,jump_relation_semantic_floor,0.8947368421052632,0.8947368421052632,1.0,1.0,0.8947368421052632
web_20260523_041618_e930772c,2026-05-23T04:16:24,花,60,60,20.0,41.36543152230481,low,/data/WYC/signLanguage/work/generated/scoring_mvp_run3/all_demo_step2_worker_cache_semantic_v1/results/花/花_holistic_results.json,/data/WYC/signLanguage/work/generated/web_scoring_mvp/web_20260523_041618_e930772c/holistic/user_花_web_20260523_041618_e930772c_holistic_results.json,,64.60970588941437,borderline,23.24427436710956,0.030354255680631898,0.06333680337527868,full_sequence_with_action_window_diagnostics,visible_semantic_core_scale,0.016666666666666666,0.75,1.0,1.0,0.75
web_20260523_041635_7421d5c0,2026-05-23T04:16:38,花,30,54,18.0,51.290074317130774,low,/data/WYC/signLanguage/work/generated/scoring_mvp_run3/all_demo_step2_worker_cache_semantic_v1/results/花/花_holistic_results.json,/data/WYC/signLanguage/work/generated/web_scoring_mvp/web_20260523_041635_7421d5c0/holistic/user_花_web_20260523_041635_7421d5c0_holistic_results.json,,75.9726664894093,normal_like,24.682592172278532,0.031098077140194025,0.0398455014678145,full_sequence_with_action_window_diagnostics,visible_semantic_core_scale,0.0,0.7,1.0,1.0,0.7
web_20260523_041652_402b253a,2026-05-23T04:16:55,花,30,54,18.0,53.50459406312864,low,/data/WYC/signLanguage/work/generated/scoring_mvp_run3/all_demo_step2_worker_cache_semantic_v1/results/花/花_holistic_results.json,/data/WYC/signLanguage/work/generated/web_scoring_mvp/web_20260523_041652_402b253a/holistic/user_花_web_20260523_041652_402b253a_holistic_results.json,,74.18190151595626,borderline,20.677307452827613,0.035237430496556706,0.04330424716468808,full_sequence_with_action_window_diagnostics,visible_semantic_core_scale,0.03333333333333333,0.8333333333333334,1.0,1.0,0.8333333333333334
web_20260523_041708_24e7d28a,2026-05-23T04:17:11,花,30,54,18.0,43.37286228984494,low,/data/WYC/signLanguage/work/generated/scoring_mvp_run3/all_demo_step2_worker_cache_semantic_v1/results/花/花_holistic_results.json,/data/WYC/signLanguage/work/generated/web_scoring_mvp/web_20260523_041708_24e7d28a/holistic/user_花_web_20260523_041708_24e7d28a_holistic_results.json,,42.92133106356979,low,-0.45153122627515074,0.028974956969325324,0.10149615072501075,full_sequence_with_action_window_diagnostics,default,0.0,0.6,1.0,1.0,0.6
web_20260523_041735_ea1bbaa6,2026-05-23T04:17:37,跳,30,54,18.0,3.7032658126545424,low,/data/WYC/signLanguage/work/generated/scoring_mvp_run3/all_demo_step2_worker_cache_semantic_v1/results/跳/跳_holistic_results.json,/data/WYC/signLanguage/work/generated/web_scoring_mvp/web_20260523_041735_ea1bbaa6/holistic/user_跳_web_20260523_041735_ea1bbaa6_holistic_results.json,,73.25515503838987,borderline,69.55188922573534,0.2947210621925484,0.4205364635282435,semantic_action_window,jump_relation_semantic_floor,0.8333333333333334,0.6333333333333333,1.0,1.0,0.8333333333333334
web_20260523_041842_85a68d85,2026-05-23T04:18:45,香蕉,30,54,18.0,13.18884265309968,low,/data/WYC/signLanguage/work/generated/scoring_mvp_run3/all_demo_step2_worker_cache_semantic_v1/results/香蕉/香蕉_holistic_results.json,/data/WYC/signLanguage/work/generated/web_scoring_mvp/web_20260523_041842_85a68d85/holistic/user_香蕉_web_20260523_041842_85a68d85_holistic_results.json,,14.647263479760694,low,1.4584208266610137,0.07642541884145093,0.23050999933961183,full_sequence_with_action_window_diagnostics,default,0.5666666666666667,0.6333333333333333,1.0,1.0,0.6333333333333333
web_20260523_041927_ff5431de,2026-05-23T04:19:30,香蕉,30,54,18.0,20.99290196246556,low,/data/WYC/signLanguage/work/generated/scoring_mvp_run3/all_demo_step2_worker_cache_semantic_v1/results/香蕉/香蕉_holistic_results.json,/data/WYC/signLanguage/work/generated/web_scoring_mvp/web_20260523_041927_ff5431de/holistic/user_香蕉_web_20260523_041927_ff5431de_holistic_results.json,,22.43980683019769,low,1.4469048677321297,0.06382140807531259,0.1793200456380729,full_sequence_with_action_window_diagnostics,default,0.3333333333333333,0.8,1.0,1.0,0.8
web_20260523_041941_9438151d,2026-05-23T04:19:43,香蕉,30,54,18.0,15.85157246601965,low,/data/WYC/signLanguage/work/generated/scoring_mvp_run3/all_demo_step2_worker_cache_semantic_v1/results/香蕉/香蕉_holistic_results.json,/data/WYC/signLanguage/work/generated/web_scoring_mvp/web_20260523_041941_9438151d/holistic/user_香蕉_web_20260523_041941_9438151d_holistic_results.json,,18.58412582667933,low,2.7325533606596792,0.06634743686740202,0.20194349038120968,full_sequence_with_action_window_diagnostics,default,0.6666666666666666,0.5666666666666667,1.0,1.0,0.6666666666666666
web_20260523_041958_068b1181,2026-05-23T04:20:00,花,30,54,18.0,50.888207687043064,low,/data/WYC/signLanguage/work/generated/scoring_mvp_run3/all_demo_step2_worker_cache_semantic_v1/results/花/花_holistic_results.json,/data/WYC/signLanguage/work/generated/web_scoring_mvp/web_20260523_041958_068b1181/holistic/user_花_web_20260523_041958_068b1181_holistic_results.json,,51.08705138836406,low,0.19884370132099605,0.030181298018105936,0.08059669420523806,full_sequence_with_action_window_diagnostics,default,0.0,0.6,1.0,1.0,0.6
web_20260523_042011_9284da87,2026-05-23T04:20:14,花,30,54,18.0,56.86605396435971,low,/data/WYC/signLanguage/work/generated/scoring_mvp_run3/all_demo_step2_worker_cache_semantic_v1/results/花/花_holistic_results.json,/data/WYC/signLanguage/work/generated/web_scoring_mvp/web_20260523_042011_9284da87/holistic/user_花_web_20260523_042011_9284da87_holistic_results.json,,77.25763902397883,normal_like,20.391585059619118,0.030838834310727013,0.0374135362683289,full_sequence_with_action_window_diagnostics,visible_semantic_core_scale,0.0,0.7333333333333333,1.0,1.0,0.7333333333333333
web_20260523_042024_ee2fc3da,2026-05-23T04:20:27,花,30,54,18.0,51.98907730150283,low,/data/WYC/signLanguage/work/generated/scoring_mvp_run3/all_demo_step2_worker_cache_semantic_v1/results/花/花_holistic_results.json,/data/WYC/signLanguage/work/generated/web_scoring_mvp/web_20260523_042024_ee2fc3da/holistic/user_花_web_20260523_042024_ee2fc3da_holistic_results.json,,75.59834535823136,normal_like,23.609268056728524,0.03232558303103618,0.04056168952651072,full_sequence_with_action_window_diagnostics,visible_semantic_core_scale,0.0,0.8,1.0,1.0,0.8
web_20260523_042222_fac8359d,2026-05-23T04:22:25,花,30,54,18.0,52.0733785539048,low,/data/WYC/signLanguage/work/generated/scoring_mvp_run3/all_demo_step2_worker_cache_semantic_v1/results/花/花_holistic_results.json,/data/WYC/signLanguage/work/generated/web_scoring_mvp/web_20260523_042222_fac8359d/holistic/user_花_web_20260523_042222_fac8359d_holistic_results.json,,75.66533507133796,normal_like,23.59195651743316,0.03221915897760415,0.04043325804834077,full_sequence_with_action_window_diagnostics,visible_semantic_core_scale,0.0,0.8666666666666667,1.0,1.0,0.8666666666666667
web_20260523_042235_9431f1a0,2026-05-23T04:22:37,花,30,54,18.0,52.22438442524465,low,/data/WYC/signLanguage/work/generated/scoring_mvp_run3/all_demo_step2_worker_cache_semantic_v1/results/花/花_holistic_results.json,/data/WYC/signLanguage/work/generated/web_scoring_mvp/web_20260523_042235_9431f1a0/holistic/user_花_web_20260523_042235_9431f1a0_holistic_results.json,,76.61719845953395,normal_like,24.3928140342893,0.030086347747847415,0.038620548663532595,full_sequence_with_action_window_diagnostics,visible_semantic_core_scale,0.0,0.6666666666666666,1.0,1.0,0.6666666666666666
web_20260523_043442_e00f8b9c,2026-05-23T04:34:46,花,53,105,29.44954128440367,75.49293533530931,normal_like,/data/WYC/signLanguage/work/generated/scoring_mvp_run3/all_demo_step2_worker_cache_semantic_v1/results/花/花_holistic_results.json,/data/WYC/signLanguage/work/generated/web_scoring_mvp/web_20260523_043442_e00f8b9c/holistic/user_花_web_20260523_043442_e00f8b9c_holistic_results.json,,79.2397950568015,normal_like,3.7468597214921857,0.029482937069314468,0.03374027482561618,full_sequence_with_action_window_diagnostics,visible_semantic_core_scale,0.0,0.7924528301886793,1.0,1.0,0.7924528301886793
web_20260523_043446_cbecd916,2026-05-23T04:34:48,跳,19,37,14.682539682539682,81.07138847317282,normal_like,/data/WYC/signLanguage/work/generated/scoring_mvp_run3/all_demo_step2_worker_cache_semantic_v1/results/跳/跳_holistic_results.json,/data/WYC/signLanguage/work/generated/web_scoring_mvp/web_20260523_043446_cbecd916/holistic/user_跳_web_20260523_043446_cbecd916_holistic_results.json,,84.97386773835608,normal_like,3.90247926518326,0.04870685196651341,0.057656330301181155,semantic_action_window,jump_relation_semantic_floor,0.8947368421052632,0.8947368421052632,1.0,1.0,0.8947368421052632
web_20260523_043910_b186b6a6,2026-05-23T04:39:13,花,30,54,18.0,56.52256499374106,low,/data/WYC/signLanguage/work/generated/scoring_mvp_run3/all_demo_step2_worker_cache_semantic_v1/results/花/花_holistic_results.json,/data/WYC/signLanguage/work/generated/web_scoring_mvp/web_20260523_043910_b186b6a6/holistic/user_花_web_20260523_043910_b186b6a6_holistic_results.json,,74.45370464657921,borderline,17.931139652838155,0.03597689203597348,0.04277393684553556,full_sequence_with_action_window_diagnostics,visible_semantic_core_scale,0.0,0.7666666666666667,1.0,1.0,0.7666666666666667
web_20260523_043923_b95a60d0,2026-05-23T04:39:26,花,30,54,18.0,57.8516496532294,low,/data/WYC/signLanguage/work/generated/scoring_mvp_run3/all_demo_step2_worker_cache_semantic_v1/results/花/花_holistic_results.json,/data/WYC/signLanguage/work/generated/web_scoring_mvp/web_20260523_043923_b95a60d0/holistic/user_花_web_20260523_043923_b95a60d0_holistic_results.json,,76.94625402112082,normal_like,19.09460436789142,0.03148675697610234,0.03799913609842358,full_sequence_with_action_window_diagnostics,visible_semantic_core_scale,0.0,0.7333333333333333,1.0,1.0,0.7333333333333333
web_20260523_043955_dd909904,2026-05-23T04:39:58,花,30,54,18.0,54.22849172130615,low,/data/WYC/signLanguage/work/generated/scoring_mvp_run3/all_demo_step2_worker_cache_semantic_v1/results/花/花_holistic_results.json,/data/WYC/signLanguage/work/generated/web_scoring_mvp/web_20260523_043955_dd909904/holistic/user_花_web_20260523_043955_dd909904_holistic_results.json,,76.71524311751604,normal_like,22.48675139620989,0.03085182275608181,0.03843511527189382,full_sequence_with_action_window_diagnostics,visible_semantic_core_scale,0.0,0.7,1.0,1.0,0.7
web_20260523_044018_960618af,2026-05-23T04:40:20,跳,30,54,18.0,8.275511757974478,low,/data/WYC/signLanguage/work/generated/scoring_mvp_run3/all_demo_step2_worker_cache_semantic_v1/results/跳/跳_holistic_results.json,/data/WYC/signLanguage/work/generated/web_scoring_mvp/web_20260523_044018_960618af/holistic/user_跳_web_20260523_044018_960618af_holistic_results.json,,4.328131731671172,low,-3.947380026303306,0.29909173045710014,0.5328814755633807,semantic_action_window,short_action_window_with_query_energy_peak,0.7666666666666667,0.7666666666666667,1.0,1.0,0.7666666666666667
web_20260523_044135_12fbd5bc,2026-05-23T04:41:37,跳,30,54,18.0,5.706238790637859,low,/data/WYC/signLanguage/work/generated/scoring_mvp_run3/all_demo_step2_worker_cache_semantic_v1/results/跳/跳_holistic_results.json,/data/WYC/signLanguage/work/generated/web_scoring_mvp/web_20260523_044135_12fbd5bc/holistic/user_跳_web_20260523_044135_12fbd5bc_holistic_results.json,,4.982796697743448,low,-0.7234420928944107,0.27454474606908297,0.5089775315106269,semantic_action_window,short_action_window_with_query_energy_peak,0.7,0.7666666666666667,1.0,1.0,0.7666666666666667
web_20260523_044203_20778933,2026-05-23T04:42:05,跳,30,54,18.0,4.196908643344976,low,/data/WYC/signLanguage/work/generated/scoring_mvp_run3/all_demo_step2_worker_cache_semantic_v1/results/跳/跳_holistic_results.json,/data/WYC/signLanguage/work/generated/web_scoring_mvp/web_20260523_044203_20778933/holistic/user_跳_web_20260523_044203_20778933_holistic_results.json,,4.186357829553837,low,-0.010550813791138758,0.2076851172973825,0.5385335003301884,semantic_action_window,short_action_window_with_query_energy_peak,0.6333333333333333,0.7666666666666667,1.0,1.0,0.7666666666666667
web_20260523_044323_2eb9eb7e,2026-05-23T04:43:25,跳,25,45,18.0,10.392656300087625,low,/data/WYC/signLanguage/work/generated/scoring_mvp_run3/all_demo_step2_worker_cache_semantic_v1/results/跳/跳_holistic_results.json,/data/WYC/signLanguage/work/generated/web_scoring_mvp/web_20260523_044323_2eb9eb7e/holistic/user_跳_web_20260523_044323_2eb9eb7e_holistic_results.json,,75.48419760264285,normal_like,65.09154130255523,0.29529015486448024,0.3649168228349024,semantic_action_window,jump_relation_semantic_floor,0.76,0.8,1.0,1.0,0.8
web_20260523_044336_5d15d099,2026-05-23T04:43:38,跳,25,45,18.0,13.287977740200368,low,/data/WYC/signLanguage/work/generated/scoring_mvp_run3/all_demo_step2_worker_cache_semantic_v1/results/跳/跳_holistic_results.json,/data/WYC/signLanguage/work/generated/web_scoring_mvp/web_20260523_044336_5d15d099/holistic/user_跳_web_20260523_044336_5d15d099_holistic_results.json,,64.02996232429325,borderline,50.74198458409288,0.35264513694880556,0.4723537780402319,semantic_action_window,jump_relation_semantic_floor,0.48,0.72,1.0,1.0,0.72
web_20260523_044358_00db9d4d,2026-05-23T04:43:59,跳,25,45,18.0,7.193172347670444,low,/data/WYC/signLanguage/work/generated/scoring_mvp_run3/all_demo_step2_worker_cache_semantic_v1/results/跳/跳_holistic_results.json,/data/WYC/signLanguage/work/generated/web_scoring_mvp/web_20260523_044358_00db9d4d/holistic/user_跳_web_20260523_044358_00db9d4d_holistic_results.json,,61.91900909664353,borderline,54.72583674897308,0.2875898153607002,0.447100387854162,semantic_action_window,jump_relation_semantic_floor,0.64,0.8,1.0,1.0,0.8
web_20260523_052715_1ad3c2d2,2026-05-23T05:27:17,跳,25,45,18.0,22.283255727305097,low,/data/WYC/signLanguage/work/generated/scoring_mvp_run3/all_demo_step2_worker_cache_semantic_v1/results/跳/跳_holistic_results.json,/data/WYC/signLanguage/work/generated/web_scoring_mvp/web_20260523_052715_1ad3c2d2/holistic/user_跳_web_20260523_052715_1ad3c2d2_holistic_results.json,,78.02616343056984,normal_like,55.74290770326474,0.20286626435781793,0.2784866550144833,semantic_action_window,jump_relation_semantic_floor,0.64,0.76,1.0,1.0,0.76
web_20260523_052731_8f51941f,2026-05-23T05:27:33,跳,25,45,18.0,15.154256419795365,low,/data/WYC/signLanguage/work/generated/scoring_mvp_run3/all_demo_step2_worker_cache_semantic_v1/results/跳/跳_holistic_results.json,/data/WYC/signLanguage/work/generated/web_scoring_mvp/web_20260523_052731_8f51941f/holistic/user_跳_web_20260523_052731_8f51941f_holistic_results.json,,75.93259508672512,normal_like,60.77833866692975,0.31599351538827775,0.4142807030927713,semantic_action_window,jump_relation_semantic_floor,0.84,0.92,1.0,1.0,0.92
web_20260523_052744_427c726a,2026-05-23T05:27:47,花,25,45,18.0,64.89274330383553,borderline,/data/WYC/signLanguage/work/generated/scoring_mvp_run3/all_demo_step2_worker_cache_semantic_v1/results/花/花_holistic_results.json,/data/WYC/signLanguage/work/generated/web_scoring_mvp/web_20260523_052744_427c726a/holistic/user_花_web_20260523_052744_427c726a_holistic_results.json,,75.60911134303694,normal_like,10.716368039201413,0.030531508674041925,0.04054104149983921,full_sequence_with_action_window_diagnostics,visible_semantic_core_scale,0.0,0.72,1.0,1.0,0.72
web_20260523_052801_95c97bce,2026-05-23T05:28:04,花,30,54,18.0,51.73268467666446,low,/data/WYC/signLanguage/work/generated/scoring_mvp_run3/all_demo_step2_worker_cache_semantic_v1/results/花/花_holistic_results.json,/data/WYC/signLanguage/work/generated/web_scoring_mvp/web_20260523_052801_95c97bce/holistic/user_花_web_20260523_052801_95c97bce_holistic_results.json,,51.94967853564694,low,0.2169938589824767,0.029019346234743098,0.07858735877024982,full_sequence_with_action_window_diagnostics,default,0.03333333333333333,0.5666666666666667,1.0,1.0,0.5666666666666667
web_20260523_052817_7ae13ce2,2026-05-23T05:28:19,花,25,45,18.0,55.69892861940387,low,/data/WYC/signLanguage/work/generated/scoring_mvp_run3/all_demo_step2_worker_cache_semantic_v1/results/花/花_holistic_results.json,/data/WYC/signLanguage/work/generated/web_scoring_mvp/web_20260523_052817_7ae13ce2/holistic/user_花_web_20260523_052817_7ae13ce2_holistic_results.json,,66.64064430444098,borderline,10.94171568503711,0.03132661971377267,0.058849050362626956,full_sequence_with_action_window_diagnostics,visible_semantic_core_scale,0.0,0.68,1.0,1.0,0.68
web_20260523_053035_073e5794,2026-05-23T05:30:38,花,25,45,18.0,66.55607888652465,borderline,/data/WYC/signLanguage/work/generated/scoring_mvp_run3/all_demo_step2_worker_cache_semantic_v1/results/花/花_holistic_results.json,/data/WYC/signLanguage/work/generated/web_scoring_mvp/web_20260523_053035_073e5794/holistic/user_花_web_20260523_053035_073e5794_holistic_results.json,,72.94563272951652,borderline,6.389553842991873,0.036538326313825246,0.04574108801865146,full_sequence_with_action_window_diagnostics,visible_semantic_core_scale,0.04,0.68,1.0,1.0,0.68
web_20260523_053051_a785c84e,2026-05-23T05:30:53,花,25,45,18.0,45.46231955755209,low,/data/WYC/signLanguage/work/generated/scoring_mvp_run3/all_demo_step2_worker_cache_semantic_v1/results/花/花_holistic_results.json,/data/WYC/signLanguage/work/generated/web_scoring_mvp/web_20260523_053051_a785c84e/holistic/user_花_web_20260523_053051_a785c84e_holistic_results.json,,45.610960119553766,low,0.14864056200167397,0.031102129960219882,0.09420265738188474,full_sequence_with_action_window_diagnostics,default,0.0,0.64,1.0,1.0,0.64
web_20260523_053102_e1ff4324,2026-05-23T05:31:04,花,25,45,18.0,61.82692624807036,borderline,/data/WYC/signLanguage/work/generated/scoring_mvp_run3/all_demo_step2_worker_cache_semantic_v1/results/花/花_holistic_results.json,/data/WYC/signLanguage/work/generated/web_scoring_mvp/web_20260523_053102_e1ff4324/holistic/user_花_web_20260523_053102_e1ff4324_holistic_results.json,,72.64507244278737,borderline,10.81814619471701,0.03125799145381957,0.04633977051608455,full_sequence_with_action_window_diagnostics,visible_semantic_core_scale,0.0,0.72,1.0,1.0,0.72
web_20260523_053116_49159767,2026-05-23T05:31:19,花,25,45,18.0,70.3270357848285,borderline,/data/WYC/signLanguage/work/generated/scoring_mvp_run3/all_demo_step2_worker_cache_semantic_v1/results/花/花_holistic_results.json,/data/WYC/signLanguage/work/generated/web_scoring_mvp/web_20260523_053116_49159767/holistic/user_花_web_20260523_053116_49159767_holistic_results.json,,75.91666115806198,normal_like,5.589625373233488,0.032067912772911544,0.039952431606214193,full_sequence_with_action_window_diagnostics,visible_semantic_core_scale,0.0,0.8,1.0,1.0,0.8
web_20260523_053128_81d821bf,2026-05-23T05:31:31,花,25,45,18.0,66.17402730412151,borderline,/data/WYC/signLanguage/work/generated/scoring_mvp_run3/all_demo_step2_worker_cache_semantic_v1/results/花/花_holistic_results.json,/data/WYC/signLanguage/work/generated/web_scoring_mvp/web_20260523_053128_81d821bf/holistic/user_花_web_20260523_053128_81d821bf_holistic_results.json,,75.56800656507161,normal_like,9.393979260950104,0.03127973096499533,0.04061989196390843,full_sequence_with_action_window_diagnostics,visible_semantic_core_scale,0.0,0.68,1.0,1.0,0.68
web_20260523_053203_4ec1e6ab,2026-05-23T05:32:06,花,25,45,18.0,63.88359427298666,borderline,/data/WYC/signLanguage/work/generated/scoring_mvp_run3/all_demo_step2_worker_cache_semantic_v1/results/花/花_holistic_results.json,/data/WYC/signLanguage/work/generated/web_scoring_mvp/web_20260523_053203_4ec1e6ab/holistic/user_花_web_20260523_053203_4ec1e6ab_holistic_results.json,,74.64647506268493,borderline,10.762880789698265,0.03105940535445297,0.04239899798276213,full_sequence_with_action_window_diagnostics,visible_semantic_core_scale,0.0,0.68,1.0,1.0,0.68
web_20260523_053241_5fbbf9c7,2026-05-23T05:32:43,跳,25,45,18.0,12.562659702809889,low,/data/WYC/signLanguage/work/generated/scoring_mvp_run3/all_demo_step2_worker_cache_semantic_v1/results/跳/跳_holistic_results.json,/data/WYC/signLanguage/work/generated/web_scoring_mvp/web_20260523_053241_5fbbf9c7/holistic/user_跳_web_20260523_053241_5fbbf9c7_holistic_results.json,,75.983181531921,normal_like,63.42052182911112,0.2908959355710284,0.41915370361551363,semantic_action_window,jump_relation_semantic_floor,0.8,0.92,1.0,1.0,0.92
web_20260523_053254_bd7f1d1c,2026-05-23T05:32:56,跳,25,45,18.0,11.098475829866164,low,/data/WYC/signLanguage/work/generated/scoring_mvp_run3/all_demo_step2_worker_cache_semantic_v1/results/跳/跳_holistic_results.json,/data/WYC/signLanguage/work/generated/web_scoring_mvp/web_20260523_053254_bd7f1d1c/holistic/user_跳_web_20260523_053254_bd7f1d1c_holistic_results.json,,3.0448594719449633,low,-8.0536163579212,0.3267327081763164,0.5925637591189103,semantic_action_window,short_action_window_with_query_energy_peak,0.52,0.88,1.0,1.0,0.88
web_20260523_053309_28821cfd,2026-05-23T05:33:11,跳,25,45,18.0,12.113799323363738,low,/data/WYC/signLanguage/work/generated/scoring_mvp_run3/all_demo_step2_worker_cache_semantic_v1/results/跳/跳_holistic_results.json,/data/WYC/signLanguage/work/generated/web_scoring_mvp/web_20260523_053309_28821cfd/holistic/user_跳_web_20260523_053309_28821cfd_holistic_results.json,,3.491450297374847,low,-8.62234902598889,0.3151390671053366,0.5693374297688026,semantic_action_window,short_action_window_with_query_energy_peak,0.44,0.84,1.0,1.0,0.84
web_20260523_053345_da4d1ec9,2026-05-23T05:33:46,跳,25,45,18.0,23.827276496311967,low,/data/WYC/signLanguage/work/generated/scoring_mvp_run3/all_demo_step2_worker_cache_semantic_v1/results/跳/跳_holistic_results.json,/data/WYC/signLanguage/work/generated/web_scoring_mvp/web_20260523_053345_da4d1ec9/holistic/user_跳_web_20260523_053345_da4d1ec9_holistic_results.json,,2.365787951869093,low,-21.461488544442872,0.30233568676464506,0.6353878899953447,semantic_action_window,short_action_window_with_query_energy_peak,0.0,0.76,1.0,1.0,0.76
web_20260523_053401_8934d89a,2026-05-23T05:34:03,跳,25,45,18.0,38.40765209817453,low,/data/WYC/signLanguage/work/generated/scoring_mvp_run3/all_demo_step2_worker_cache_semantic_v1/results/跳/跳_holistic_results.json,/data/WYC/signLanguage/work/generated/web_scoring_mvp/web_20260523_053401_8934d89a/holistic/user_跳_web_20260523_053401_8934d89a_holistic_results.json,,3.6431533993163545,low,-34.764498698858176,0.2879680977910017,0.5621194392153966,semantic_action_window,short_action_window_with_query_energy_peak,0.0,0.84,1.0,1.0,0.84
web_20260523_053940_f86fc279,2026-05-23T05:39:42,跳,25,45,18.0,20.72425565235598,low,/data/WYC/signLanguage/work/generated/scoring_mvp_run3/all_demo_step2_worker_cache_semantic_v1/results/跳/跳_holistic_results.json,/data/WYC/signLanguage/work/generated/web_scoring_mvp/web_20260523_053940_f86fc279/holistic/user_跳_web_20260523_053940_f86fc279_holistic_results.json,,2.2024919013715687,low,-18.52176375098441,0.3025305805237921,0.6475255311986068,semantic_action_window,short_action_window_with_query_energy_peak,0.44,0.76,1.0,1.0,0.76
web_20260523_054426_114ad88f,2026-05-23T05:44:29,虎,25,45,18.0,13.139028231597088,low,/data/WYC/signLanguage/work/generated/scoring_mvp_run3/all_demo_step2_worker_cache_semantic_v1/results/虎/虎_holistic_results.json,/data/WYC/signLanguage/work/generated/web_scoring_mvp/web_20260523_054426_114ad88f/holistic/user_虎_web_20260523_054426_114ad88f_holistic_results.json,,13.139028231597088,low,0.0,0.11765639793048191,0.24354997567725858,full_sequence_with_action_window_diagnostics,default,0.96,0.0,1.0,1.0,0.96
web_20260523_054448_4f0ebbd6,2026-05-23T05:44:50,虎,25,45,18.0,22.367034733160256,low,/data/WYC/signLanguage/work/generated/scoring_mvp_run3/all_demo_step2_worker_cache_semantic_v1/results/虎/虎_holistic_results.json,/data/WYC/signLanguage/work/generated/web_scoring_mvp/web_20260523_054448_4f0ebbd6/holistic/user_虎_web_20260523_054448_4f0ebbd6_holistic_results.json,,22.37072005033153,low,0.00368531717127496,0.07741646445106048,0.17969006673489385,full_sequence_with_action_window_diagnostics,default,0.52,0.6,0.8,0.8,0.6
web_20260523_054508_865bd606,2026-05-23T05:45:10,香蕉,25,45,18.0,17.226523973273938,low,/data/WYC/signLanguage/work/generated/scoring_mvp_run3/all_demo_step2_worker_cache_semantic_v1/results/香蕉/香蕉_holistic_results.json,/data/WYC/signLanguage/work/generated/web_scoring_mvp/web_20260523_054508_865bd606/holistic/user_香蕉_web_20260523_054508_865bd606_holistic_results.json,,18.702215589578422,low,1.4756916163044842,0.07036058384426304,0.20118338261036622,full_sequence_with_action_window_diagnostics,default,0.8,0.6,1.0,1.0,0.8
web_20260523_054643_16ed6eb8,2026-05-23T05:46:46,汽车,25,45,18.0,6.080487669401527,low,/data/WYC/signLanguage/work/generated/scoring_mvp_run3/all_demo_step2_worker_cache_semantic_v1/results/汽车/汽车_holistic_results.json,/data/WYC/signLanguage/work/generated/web_scoring_mvp/web_20260523_054643_16ed6eb8/holistic/user_汽车_web_20260523_054643_16ed6eb8_holistic_results.json,,17.468696075543548,low,11.38820840614202,0.05855105625100401,0.20937116430568006,full_sequence_with_action_window_diagnostics,default,0.8,0.8,1.0,1.0,0.8
web_20260523_054658_9edec32b,2026-05-23T05:47:01,汽车,20,36,18.0,3.9690181964735194,low,/data/WYC/signLanguage/work/generated/scoring_mvp_run3/all_demo_step2_worker_cache_semantic_v1/results/汽车/汽车_holistic_results.json,/data/WYC/signLanguage/work/generated/web_scoring_mvp/web_20260523_054658_9edec32b/holistic/user_汽车_web_20260523_054658_9edec32b_holistic_results.json,,12.794360680964271,low,8.82534248449075,0.059438356419376816,0.24673988207309477,full_sequence_with_action_window_diagnostics,default,0.85,0.85,1.0,1.0,0.85
web_20260523_054709_566e6021,2026-05-23T05:47:11,汽车,20,36,18.0,3.4127076741120055,low,/data/WYC/signLanguage/work/generated/scoring_mvp_run3/all_demo_step2_worker_cache_semantic_v1/results/汽车/汽车_holistic_results.json,/data/WYC/signLanguage/work/generated/web_scoring_mvp/web_20260523_054709_566e6021/holistic/user_汽车_web_20260523_054709_566e6021_holistic_results.json,,20.452697981460858,low,17.03999030734885,0.05116332087760316,0.1904466457881094,full_sequence_with_action_window_diagnostics,default,0.0,0.85,1.0,1.0,0.85
web_20260523_062341_afa8c368,2026-05-23T06:23:43,花,20,36,18.0,19.344463222059538,low,/data/WYC/signLanguage/work/generated/scoring_mvp_run3/all_demo_step2_worker_cache_semantic_v1/results/花/花_holistic_results.json,/data/WYC/signLanguage/work/generated/web_scoring_mvp/web_20260523_062341_afa8c368/holistic/user_花_web_20260523_062341_afa8c368_holistic_results.json,,21.201520627166687,low,1.857057405107149,0.04116987704635403,0.18613167350230692,full_sequence_with_action_window_diagnostics,default,1.0,0.45,1.0,1.0,1.0
web_20260523_062353_2b6f64cd,2026-05-23T06:23:56,花,25,45,18.0,64.0287912165536,borderline,/data/WYC/signLanguage/work/generated/scoring_mvp_run3/all_demo_step2_worker_cache_semantic_v1/results/花/花_holistic_results.json,/data/WYC/signLanguage/work/generated/web_scoring_mvp/web_20260523_062353_2b6f64cd/holistic/user_花_web_20260523_062353_2b6f64cd_holistic_results.json,,74.59424959037166,borderline,10.56545837381806,0.03164127754936098,0.04250048092332198,full_sequence_with_action_window_diagnostics,visible_semantic_core_scale,0.0,0.76,1.0,1.0,0.76
web_20260523_062406_09525c5f,2026-05-23T06:24:09,花,25,45,18.0,71.44175134201134,borderline,/data/WYC/signLanguage/work/generated/scoring_mvp_run3/all_demo_step2_worker_cache_semantic_v1/results/花/花_holistic_results.json,/data/WYC/signLanguage/work/generated/web_scoring_mvp/web_20260523_062406_09525c5f/holistic/user_花_web_20260523_062406_09525c5f_holistic_results.json,,76.46549144582681,normal_like,5.02374010381547,0.03112698488097587,0.03890794267525854,full_sequence_with_action_window_diagnostics,visible_semantic_core_scale,0.0,0.72,1.0,1.0,0.72
web_20260523_062420_5aea4dd9,2026-05-23T06:24:23,花,25,45,18.0,61.903120043603046,borderline,/data/WYC/signLanguage/work/generated/scoring_mvp_run3/all_demo_step2_worker_cache_semantic_v1/results/花/花_holistic_results.json,/data/WYC/signLanguage/work/generated/web_scoring_mvp/web_20260523_062420_5aea4dd9/holistic/user_花_web_20260523_062420_5aea4dd9_holistic_results.json,,72.53884697385335,borderline,10.635726930250307,0.03292368206524338,0.04655195235834121,full_sequence_with_action_window_diagnostics,visible_semantic_core_scale,0.0,0.8,1.0,1.0,0.8
web_20260523_062433_e3e870b6,2026-05-23T06:24:35,花,25,45,18.0,70.37011325065312,borderline,/data/WYC/signLanguage/work/generated/scoring_mvp_run3/all_demo_step2_worker_cache_semantic_v1/results/花/花_holistic_results.json,/data/WYC/signLanguage/work/generated/web_scoring_mvp/web_20260523_062433_e3e870b6/holistic/user_花_web_20260523_062433_e3e870b6_holistic_results.json,,76.43335950227984,normal_like,6.0632462516267225,0.030803187039390962,0.03896888665036375,full_sequence_with_action_window_diagnostics,visible_semantic_core_scale,0.0,0.68,1.0,1.0,0.68
web_20260523_062644_9a457871,2026-05-23T06:26:47,花,25,45,18.0,75.78669645090189,normal_like,/data/WYC/signLanguage/work/generated/scoring_mvp_run3/all_demo_step2_worker_cache_semantic_v1/results/花/花_holistic_results.json,/data/WYC/signLanguage/work/generated/web_scoring_mvp/web_20260523_062644_9a457871/holistic/user_花_web_20260523_062644_9a457871_holistic_results.json,,75.78669645090189,normal_like,0.0,0.030553599395136036,0.040200875509441805,full_sequence_with_action_window_diagnostics,visible_semantic_core_scale,0.0,0.68,1.0,1.0,0.68
web_20260523_063002_0aa1419e,2026-05-23T06:30:04,跳,25,45,18.0,4.239826394505696,low,/data/WYC/signLanguage/work/generated/scoring_mvp_run3/all_demo_step2_worker_cache_semantic_v1/results/跳/跳_holistic_results.json,/data/WYC/signLanguage/work/generated/web_scoring_mvp/web_20260523_063002_0aa1419e/holistic/user_跳_web_20260523_063002_0aa1419e_holistic_results.json,,4.239826394505696,low,0.0,0.2734718499367914,0.5363797287257013,semantic_action_window,short_action_window_with_query_energy_peak,0.48,0.84,1.0,1.0,0.84
web_20260523_063015_4017237e,2026-05-23T06:30:17,跳,25,45,18.0,8.918992977808744,low,/data/WYC/signLanguage/work/generated/scoring_mvp_run3/all_demo_step2_worker_cache_semantic_v1/results/跳/跳_holistic_results.json,/data/WYC/signLanguage/work/generated/web_scoring_mvp/web_20260523_063015_4017237e/holistic/user_跳_web_20260523_063015_4017237e_holistic_results.json,,8.918992977808744,low,0.0,0.24169962942636383,0.4101763193238772,semantic_action_window,short_action_window_with_query_energy_peak,0.64,0.84,1.0,1.0,0.84
web_20260523_063026_c2f04725,2026-05-23T06:30:28,跳,25,45,18.0,12.248317146859815,low,/data/WYC/signLanguage/work/generated/scoring_mvp_run3/all_demo_step2_worker_cache_semantic_v1/results/跳/跳_holistic_results.json,/data/WYC/signLanguage/work/generated/web_scoring_mvp/web_20260523_063026_c2f04725/holistic/user_跳_web_20260523_063026_c2f04725_holistic_results.json,,67.79833327526532,borderline,55.5500161284055,0.27057547811060073,0.35634475981304825,semantic_action_window,jump_relation_semantic_floor,0.64,0.92,1.0,1.0,0.92
web_20260523_063052_fc94e4f7,2026-05-23T06:30:53,跳,25,45,18.0,17.520121173912663,low,/data/WYC/signLanguage/work/generated/scoring_mvp_run3/all_demo_step2_worker_cache_semantic_v1/results/跳/跳_holistic_results.json,/data/WYC/signLanguage/work/generated/web_scoring_mvp/web_20260523_063052_fc94e4f7/holistic/user_跳_web_20260523_063052_fc94e4f7_holistic_results.json,,75.14652934000428,normal_like,57.626408166091615,0.22256567681228437,0.2955966873226788,semantic_action_window,jump_relation_semantic_floor,0.72,0.84,1.0,1.0,0.84
web_20260523_063109_8727dac1,2026-05-23T06:31:11,跳,25,45,18.0,9.550620215648639,low,/data/WYC/signLanguage/work/generated/scoring_mvp_run3/all_demo_step2_worker_cache_semantic_v1/results/跳/跳_holistic_results.json,/data/WYC/signLanguage/work/generated/web_scoring_mvp/web_20260523_063109_8727dac1/holistic/user_跳_web_20260523_063109_8727dac1_holistic_results.json,,56.71588688841607,low,47.16526667276743,0.24584970384803675,0.39856454250651363,semantic_action_window,jump_relation_semantic_floor,0.6,1.0,1.0,1.0,1.0
web_20260523_063159_324827f7,2026-05-23T06:32:00,花,15,30,10.0,29.60710414369352,low,/data/WYC/signLanguage/work/generated/scoring_mvp_run3/all_demo_step2_worker_cache_semantic_v1/results/花/花_holistic_results.json,/data/WYC/signLanguage/work/generated/web_scoring_mvp/web_20260523_063159_324827f7/holistic/user_花_web_20260523_063159_324827f7_holistic_results.json,,29.60710414369352,low,0.0,0.03277819001241305,0.1460587018320148,full_sequence_with_action_window_diagnostics,default,0.0,0.6666666666666666,1.0,1.0,0.6666666666666666
web_20260523_063217_bd40ee0c,2026-05-23T06:32:20,花,30,54,18.0,76.89062287246205,normal_like,/data/WYC/signLanguage/work/generated/scoring_mvp_run3/all_demo_step2_worker_cache_semantic_v1/results/花/花_holistic_results.json,/data/WYC/signLanguage/work/generated/web_scoring_mvp/web_20260523_063217_bd40ee0c/holistic/user_花_web_20260523_063217_bd40ee0c_holistic_results.json,,76.89062287246205,normal_like,0.0,0.0313652862695627,0.03810400714196053,full_sequence_with_action_window_diagnostics,visible_semantic_core_scale,0.0,0.7333333333333333,1.0,1.0,0.7333333333333333
web_20260523_063230_6a3bad1f,2026-05-23T06:32:33,花,25,45,18.0,75.7601017709184,normal_like,/data/WYC/signLanguage/work/generated/scoring_mvp_run3/all_demo_step2_worker_cache_semantic_v1/results/花/花_holistic_results.json,/data/WYC/signLanguage/work/generated/web_scoring_mvp/web_20260523_063230_6a3bad1f/holistic/user_花_web_20260523_063230_6a3bad1f_holistic_results.json,,75.7601017709184,normal_like,0.0,0.031183511685895365,0.040251767097815014,full_sequence_with_action_window_diagnostics,visible_semantic_core_scale,0.0,0.68,1.0,1.0,0.68
