request_id,target_word,other_word,query_json,frame_count,timeline_frame_count,capture_fps,error,target_score,other_score,margin,target_band,other_band,target_capture_quality_status,target_capture_quality_reason,other_capture_quality_status,other_capture_quality_reason,target_score_scale_reason,other_score_scale_reason,target_semantic_floor_reason,other_semantic_floor_reason,target_core_presence,other_core_presence,eligible_for_gate,confusion_pass,confusion_reason
web_20260522_222243_a23d679c,花,跳,/data/WYC/signLanguage/work/generated/web_scoring_mvp/web_20260522_222243_a23d679c/holistic/user_花_web_20260522_222243_a23d679c_holistic_results.json,12,,3.6811926605504586,,74.85431844234562,2.5985072560355733,72.25581118631004,borderline,low,score_valid,score_valid,needs_recapture,jump_two_hand_presence_low,flower_short_visible_core_semantic_floor,short_action_window_with_query_energy_peak,used,insufficient_two_hand_presence,1.0,0.0,True,True,passed
web_20260522_225356_550e19fe,花,跳,/data/WYC/signLanguage/work/generated/web_scoring_mvp/web_20260522_225356_550e19fe/holistic/user_花_web_20260522_225356_550e19fe_holistic_results.json,15,,5.0,,78.24233824421282,1.8340520724240243,76.40828617178879,normal_like,low,score_valid,score_valid,needs_recapture,jump_two_hand_presence_low,flower_short_visible_core_semantic_floor,short_action_window_with_query_energy_peak,used,insufficient_two_hand_presence,1.0,0.0,True,True,passed
web_20260522_225823_46498d30,花,跳,/data/WYC/signLanguage/work/generated/web_scoring_mvp/web_20260522_225823_46498d30/holistic/user_花_web_20260522_225823_46498d30_holistic_results.json,15,,5.0,,77.9730022213811,1.3659056642394485,76.60709655714165,normal_like,low,score_valid,score_valid,needs_recapture,jump_two_hand_presence_low,flower_short_visible_core_semantic_floor,short_action_window_with_query_energy_peak,used,insufficient_two_hand_presence,0.8333333333333334,0.0,True,True,passed
web_20260522_225845_b21e0f2e,花,跳,/data/WYC/signLanguage/work/generated/web_scoring_mvp/web_20260522_225845_b21e0f2e/holistic/user_花_web_20260522_225845_b21e0f2e_holistic_results.json,15,,5.0,,77.61247852053683,1.8279170765430726,75.78456144399375,normal_like,low,score_valid,score_valid,needs_recapture,jump_two_hand_presence_low,visible_semantic_core_scale,short_action_window_with_query_energy_peak,opening_guard_too_weak,insufficient_two_hand_presence,1.0,0.0,True,True,passed
web_20260522_225852_a9aa43d6,花,跳,/data/WYC/signLanguage/work/generated/web_scoring_mvp/web_20260522_225852_a9aa43d6/holistic/user_花_web_20260522_225852_a9aa43d6_holistic_results.json,15,,5.0,,78.66210883830772,2.1826798720113993,76.47942896629631,normal_like,low,score_valid,score_valid,needs_recapture,jump_two_hand_presence_low,visible_semantic_core_scale,short_action_window_with_query_energy_peak,opening_guard_too_weak,insufficient_two_hand_presence,1.0,0.0,True,True,passed
web_20260522_231259_51a8c719,花,跳,/data/WYC/signLanguage/work/generated/web_scoring_mvp/web_20260522_231259_51a8c719/holistic/user_花_web_20260522_231259_51a8c719_holistic_results.json,6,,2.4541284403669725,,20.468106972978966,0.4719958161704703,19.996111156808496,low,low,needs_recapture,flower_core_hand_presence_low,needs_recapture,jump_two_hand_presence_low,default,short_action_window_with_query_energy_peak,opening_guard_too_weak,insufficient_two_hand_presence,0.75,0.0,False,False,not_eligible
web_20260522_231304_9e8827a4,花,跳,/data/WYC/signLanguage/work/generated/web_scoring_mvp/web_20260522_231304_9e8827a4/holistic/user_花_web_20260522_231304_9e8827a4_holistic_results.json,15,,5.0,,78.41080676662574,2.287502766518636,76.1233040001071,normal_like,low,score_valid,score_valid,needs_recapture,jump_two_hand_presence_low,flower_short_visible_core_semantic_floor,short_action_window_with_query_energy_peak,used,insufficient_two_hand_presence,1.0,0.0,True,True,passed
web_20260522_232244_45d260ed,花,跳,/data/WYC/signLanguage/work/generated/web_scoring_mvp/web_20260522_232244_45d260ed/holistic/user_花_web_20260522_232244_45d260ed_holistic_results.json,30,,10.0,,48.531456318512966,0.8576033185045432,47.67385300000842,low,low,semantic_mismatch,flower_opening_guard_failed,needs_recapture,jump_two_hand_presence_low,default,short_action_window_with_query_energy_peak,query_not_short_core_capture,insufficient_two_hand_presence,1.0,0.0,False,False,not_eligible
web_20260522_232256_781c0807,花,跳,/data/WYC/signLanguage/work/generated/web_scoring_mvp/web_20260522_232256_781c0807/holistic/user_花_web_20260522_232256_781c0807_holistic_results.json,30,,10.0,,79.8183945734389,0.9971204572307513,78.82127411620814,normal_like,low,score_valid,score_valid,needs_recapture,jump_two_hand_presence_low,visible_semantic_core_scale,short_action_window_with_query_energy_peak,query_not_short_core_capture,insufficient_two_hand_presence,1.0,0.0,True,True,passed
web_20260522_232319_7e3cc881,花,跳,/data/WYC/signLanguage/work/generated/web_scoring_mvp/web_20260522_232319_7e3cc881/holistic/user_花_web_20260522_232319_7e3cc881_holistic_results.json,72,,24.0,,76.45603789336646,4.500463914952735,71.95557397841372,normal_like,low,score_valid,score_valid,needs_recapture,jump_two_hand_presence_low,visible_semantic_core_scale,short_action_window_with_query_energy_peak,query_not_short_core_capture,insufficient_two_hand_presence,0.9,0.0,True,True,passed
web_20260522_232339_70e4794b,花,跳,/data/WYC/signLanguage/work/generated/web_scoring_mvp/web_20260522_232339_70e4794b/holistic/user_花_web_20260522_232339_70e4794b_holistic_results.json,30,,10.0,,79.94096162764652,1.0943733938035347,78.84658823384298,normal_like,low,score_valid,score_valid,needs_recapture,jump_two_hand_presence_low,visible_semantic_core_scale,short_action_window_with_query_energy_peak,query_not_short_core_capture,insufficient_two_hand_presence,0.875,0.0,True,True,passed
web_20260522_232406_cac18708,花,跳,/data/WYC/signLanguage/work/generated/web_scoring_mvp/web_20260522_232406_cac18708/holistic/user_花_web_20260522_232406_cac18708_holistic_results.json,30,,10.0,,77.95067183328936,1.5086587563074656,76.4420130769819,normal_like,low,score_valid,score_valid,needs_recapture,jump_two_hand_presence_low,visible_semantic_core_scale,short_action_window_with_query_energy_peak,query_not_short_core_capture,insufficient_two_hand_presence,1.0,0.0,True,True,passed
web_20260522_232420_60da4112,花,跳,/data/WYC/signLanguage/work/generated/web_scoring_mvp/web_20260522_232420_60da4112/holistic/user_花_web_20260522_232420_60da4112_holistic_results.json,15,,5.0,,76.9663732655818,1.993049810808139,74.97332345477365,normal_like,low,score_valid,score_valid,needs_recapture,jump_two_hand_presence_low,visible_semantic_core_scale,short_action_window_with_query_energy_peak,action_window_coverage_low,insufficient_two_hand_presence,1.0,0.0,True,True,passed
web_20260522_232642_fe440fb9,花,跳,/data/WYC/signLanguage/work/generated/web_scoring_mvp/web_20260522_232642_fe440fb9/holistic/user_花_web_20260522_232642_fe440fb9_holistic_results.json,15,,5.0,,79.8461858864898,2.6165020076647205,77.22968387882509,normal_like,low,score_valid,score_valid,needs_recapture,jump_two_hand_presence_low,visible_semantic_core_scale,short_action_window_with_query_energy_peak,opening_guard_too_weak,insufficient_two_hand_presence,1.0,0.0,True,True,passed
web_20260523_000032_5389521b,花,跳,/data/WYC/signLanguage/work/generated/web_scoring_mvp/web_20260523_000032_5389521b/holistic/user_花_web_20260523_000032_5389521b_holistic_results.json,15,,5.0,,76.16829990096241,1.9334171965389744,74.23488270442344,normal_like,low,score_valid,score_valid,needs_recapture,jump_two_hand_presence_low,visible_semantic_core_scale,short_action_window_with_query_energy_peak,opening_guard_too_weak,insufficient_two_hand_presence,1.0,0.0,True,True,passed
web_20260523_000852_b2c2f1de,花,跳,/data/WYC/signLanguage/work/generated/web_scoring_mvp/web_20260523_000852_b2c2f1de/holistic/user_花_web_20260523_000852_b2c2f1de_holistic_results.json,15,,5.0,,77.76499095032582,2.2523611919620703,75.51262975836376,normal_like,low,score_valid,score_valid,needs_recapture,jump_two_hand_presence_low,visible_semantic_core_scale,short_action_window_with_query_energy_peak,opening_guard_too_weak,insufficient_two_hand_presence,1.0,0.0,True,True,passed
web_20260523_000903_3123d2db,花,跳,/data/WYC/signLanguage/work/generated/web_scoring_mvp/web_20260523_000903_3123d2db/holistic/user_花_web_20260523_000903_3123d2db_holistic_results.json,15,,5.0,,78.34899722430384,2.4231986683402598,75.92579855596358,normal_like,low,score_valid,score_valid,needs_recapture,jump_two_hand_presence_low,flower_short_visible_core_semantic_floor,short_action_window_with_query_energy_peak,used,insufficient_two_hand_presence,1.0,0.0,True,True,passed
web_20260523_000913_d5072c6f,花,跳,/data/WYC/signLanguage/work/generated/web_scoring_mvp/web_20260523_000913_d5072c6f/holistic/user_花_web_20260523_000913_d5072c6f_holistic_results.json,15,,5.0,,77.73467949563174,2.3822951436557123,75.35238435197603,normal_like,low,score_valid,score_valid,needs_recapture,jump_two_hand_presence_low,visible_semantic_core_scale,short_action_window_with_query_energy_peak,action_window_coverage_low,insufficient_two_hand_presence,1.0,0.0,True,True,passed
web_20260523_001048_5bcb9948,跳,花,/data/WYC/signLanguage/work/generated/web_scoring_mvp/web_20260523_001048_5bcb9948/holistic/user_跳_web_20260523_001048_5bcb9948_holistic_results.json,15,,5.0,,74.19352126563943,15.671850004942527,58.521671260696905,borderline,low,score_valid,score_valid,semantic_mismatch,flower_opening_guard_failed,jump_relation_semantic_floor,default,used,opening_guard_too_weak,0.6666666666666666,1.0,True,True,passed
web_20260523_001100_dea381ee,跳,花,/data/WYC/signLanguage/work/generated/web_scoring_mvp/web_20260523_001100_dea381ee/holistic/user_跳_web_20260523_001100_dea381ee_holistic_results.json,15,,5.0,,4.97256737468603,15.046634701205635,-10.074067326519604,low,low,needs_recapture,jump_two_hand_presence_low,needs_recapture,flower_core_hand_presence_low,short_action_window_with_query_energy_peak,default,insufficient_two_hand_presence,opening_guard_too_weak,0.5,1.0,False,False,not_eligible
web_20260523_001113_b486eb41,跳,花,/data/WYC/signLanguage/work/generated/web_scoring_mvp/web_20260523_001113_b486eb41/holistic/user_跳_web_20260523_001113_b486eb41_holistic_results.json,15,,5.0,,2.50121953378663,16.588956870958395,-14.087737337171765,low,low,needs_recapture,jump_two_hand_presence_low,semantic_mismatch,flower_opening_guard_failed,short_action_window_with_query_energy_peak,default,insufficient_two_hand_presence,opening_guard_too_weak,0.0,1.0,False,False,not_eligible
web_20260523_001152_83546751,跳,花,/data/WYC/signLanguage/work/generated/web_scoring_mvp/web_20260523_001152_83546751/holistic/user_跳_web_20260523_001152_83546751_holistic_results.json,15,,5.0,,75.66319697050405,13.803742580319417,61.85945439018463,normal_like,low,score_valid,score_valid,semantic_mismatch,flower_jump_like_two_hand_confusion,jump_relation_semantic_floor,default,used,jump_like_two_hand_confusion,1.0,1.0,True,True,passed
web_20260523_005246_dbadcd43,花,跳,/data/WYC/signLanguage/work/generated/web_scoring_mvp/web_20260523_005246_dbadcd43/holistic/user_花_web_20260523_005246_dbadcd43_holistic_results.json,11,,5.0,,76.23153473731854,2.53052247184054,73.701012265478,normal_like,low,score_valid,score_valid,needs_recapture,jump_two_hand_presence_low,flower_short_visible_core_semantic_floor,short_action_window_with_query_energy_peak,used,insufficient_two_hand_presence,1.0,0.0,True,True,passed
web_20260523_005320_4bd5e0a3,花,跳,/data/WYC/signLanguage/work/generated/web_scoring_mvp/web_20260523_005320_4bd5e0a3/holistic/user_花_web_20260523_005320_4bd5e0a3_holistic_results.json,27,,29.44954128440367,,80.78406965319468,2.3884768939439316,78.39559275925075,normal_like,low,score_valid,score_valid,semantic_mismatch,phase_order_disorder,visible_semantic_core_scale,short_action_window_with_query_energy_peak,query_not_short_core_capture,insufficient_two_hand_presence,1.0,0.0,True,True,passed
web_20260523_005533_c97daf95,花,跳,/data/WYC/signLanguage/work/generated/web_scoring_mvp/web_20260523_005533_c97daf95/holistic/user_花_web_20260523_005533_c97daf95_holistic_results.json,15,,5.0,,78.6161393335025,2.2743792888239756,76.34176004467852,normal_like,low,score_valid,score_valid,needs_recapture,jump_two_hand_presence_low,visible_semantic_core_scale,short_action_window_with_query_energy_peak,opening_guard_too_weak,insufficient_two_hand_presence,1.0,0.0,True,True,passed
web_20260523_005941_0ec0ccab,跳,花,/data/WYC/signLanguage/work/generated/web_scoring_mvp/web_20260523_005941_0ec0ccab/holistic/user_跳_web_20260523_005941_0ec0ccab_holistic_results.json,15,,5.0,,82.0638286623127,12.043479814333693,70.02034884797901,normal_like,low,score_valid,score_valid,semantic_mismatch,flower_opening_guard_failed,jump_relation_semantic_floor,default,used,opening_guard_too_weak,1.0,1.0,True,True,passed
web_20260523_005953_cdf0697d,跳,花,/data/WYC/signLanguage/work/generated/web_scoring_mvp/web_20260523_005953_cdf0697d/holistic/user_跳_web_20260523_005953_cdf0697d_holistic_results.json,15,,5.0,,4.449997514332308,11.367563774135386,-6.917566259803078,low,low,needs_recapture,jump_two_hand_presence_low,needs_recapture,flower_core_hand_presence_low,short_action_window_with_query_energy_peak,default,insufficient_two_hand_presence,opening_guard_too_weak,0.3333333333333333,0.6666666666666666,False,False,not_eligible
web_20260523_010004_7eaf7ee3,跳,花,/data/WYC/signLanguage/work/generated/web_scoring_mvp/web_20260523_010004_7eaf7ee3/holistic/user_跳_web_20260523_010004_7eaf7ee3_holistic_results.json,15,,5.0,,83.03992613675656,14.050109276153968,68.98981686060259,normal_like,low,score_valid,score_valid,semantic_mismatch,flower_opening_guard_failed,jump_relation_semantic_floor,default,used,opening_guard_too_weak,1.0,1.0,True,True,passed
web_20260523_010014_049faf7d,跳,花,/data/WYC/signLanguage/work/generated/web_scoring_mvp/web_20260523_010014_049faf7d/holistic/user_跳_web_20260523_010014_049faf7d_holistic_results.json,15,,5.0,,3.679921209053437,10.995244672238599,-7.315323463185162,low,low,needs_recapture,jump_two_hand_presence_low,needs_recapture,flower_core_hand_presence_low,short_action_window_with_query_energy_peak,default,insufficient_two_hand_presence,opening_guard_too_weak,0.3333333333333333,1.0,False,False,not_eligible
web_20260523_010203_88bdaf53,花,跳,/data/WYC/signLanguage/work/generated/web_scoring_mvp/web_20260523_010203_88bdaf53/holistic/user_花_web_20260523_010203_88bdaf53_holistic_results.json,30,,10.0,,72.18350409686145,8.218210923939253,63.9652931729222,borderline,low,score_valid,score_valid,needs_recapture,jump_two_hand_presence_low,visible_semantic_core_scale,short_action_window_with_query_energy_peak,query_not_short_core_capture,insufficient_two_hand_presence,1.0,0.2727272727272727,True,True,passed
web_20260523_010215_ab4961d9,花,跳,/data/WYC/signLanguage/work/generated/web_scoring_mvp/web_20260523_010215_ab4961d9/holistic/user_花_web_20260523_010215_ab4961d9_holistic_results.json,30,,10.0,,79.16065010906186,1.9572924205413733,77.20335768852048,normal_like,low,score_valid,score_valid,needs_recapture,jump_two_hand_presence_low,visible_semantic_core_scale,short_action_window_with_query_energy_peak,query_not_short_core_capture,insufficient_two_hand_presence,1.0,0.0,True,True,passed
web_20260523_010234_e2d59e5e,跳,花,/data/WYC/signLanguage/work/generated/web_scoring_mvp/web_20260523_010234_e2d59e5e/holistic/user_跳_web_20260523_010234_e2d59e5e_holistic_results.json,45,,15.0,,73.05205591467838,15.902002720008316,57.150053194670065,borderline,low,score_valid,score_valid,semantic_mismatch,flower_opening_guard_failed,jump_relation_semantic_floor,default,used,query_not_short_core_capture,0.8461538461538461,0.9230769230769231,True,True,passed
web_20260523_011122_fb34e3e5,跳,花,/data/WYC/signLanguage/work/generated/web_scoring_mvp/web_20260523_011122_fb34e3e5/holistic/user_跳_web_20260523_011122_fb34e3e5_holistic_results.json,30,,10.0,,69.52551754318915,30.11455445923052,39.410963083958634,borderline,low,score_valid,score_valid,semantic_mismatch,flower_opening_guard_failed,jump_relation_semantic_floor,default,used,query_not_short_core_capture,0.75,1.0,True,True,passed
web_20260523_011135_5967dd5a,跳,花,/data/WYC/signLanguage/work/generated/web_scoring_mvp/web_20260523_011135_5967dd5a/holistic/user_跳_web_20260523_011135_5967dd5a_holistic_results.json,30,,10.0,,3.110634612389878,22.371158123405145,-19.26052351101527,low,low,needs_recapture,jump_two_hand_presence_low,semantic_mismatch,flower_opening_guard_failed,short_action_window_with_query_energy_peak,default,insufficient_two_hand_presence,query_not_short_core_capture,0.5,0.875,False,False,not_eligible
web_20260523_015650_c394e067,跳,花,/data/WYC/signLanguage/work/generated/web_scoring_mvp/web_20260523_015650_c394e067/holistic/user_跳_web_20260523_015650_c394e067_holistic_results.json,19,37,14.682539682539682,,84.92334172592344,14.093210717162385,70.83013100876104,normal_like,low,score_valid,score_valid,semantic_mismatch,flower_jump_like_two_hand_confusion,jump_relation_semantic_floor,default,used,jump_like_two_hand_confusion,1.0,1.0,True,True,passed
web_20260523_015727_2cb1fbe6,跳,花,/data/WYC/signLanguage/work/generated/web_scoring_mvp/web_20260523_015727_2cb1fbe6/holistic/user_跳_web_20260523_015727_2cb1fbe6_holistic_results.json,19,37,14.682539682539682,,84.94841523300283,14.490134943272025,70.45828028973081,normal_like,low,score_valid,score_valid,semantic_mismatch,flower_jump_like_two_hand_confusion,jump_relation_semantic_floor,default,used,jump_like_two_hand_confusion,1.0,1.0,True,True,passed
web_20260523_015736_2678050f,花,跳,/data/WYC/signLanguage/work/generated/web_scoring_mvp/web_20260523_015736_2678050f/holistic/user_花_web_20260523_015736_2678050f_holistic_results.json,30,54,18.0,,77.84263020273929,1.019879690921824,76.82275051181746,normal_like,low,score_valid,score_valid,needs_recapture,jump_two_hand_presence_low,visible_semantic_core_scale,short_action_window_with_query_energy_peak,query_not_short_core_capture,insufficient_two_hand_presence,1.0,0.0,True,True,passed
web_20260523_015755_80a348dd,花,跳,/data/WYC/signLanguage/work/generated/web_scoring_mvp/web_20260523_015755_80a348dd/holistic/user_花_web_20260523_015755_80a348dd_holistic_results.json,30,54,18.0,,78.25112504326592,1.1671093649749709,77.08401567829094,normal_like,low,score_valid,score_valid,needs_recapture,jump_two_hand_presence_low,visible_semantic_core_scale,short_action_window_with_query_energy_peak,query_not_short_core_capture,insufficient_two_hand_presence,0.7666666666666667,0.0,True,True,passed
web_20260523_015816_3c06955d,花,跳,/data/WYC/signLanguage/work/generated/web_scoring_mvp/web_20260523_015816_3c06955d/holistic/user_花_web_20260523_015816_3c06955d_holistic_results.json,30,54,18.0,,78.22802383654293,0.4523384612523734,77.77568537529056,normal_like,low,score_valid,score_valid,needs_recapture,jump_two_hand_presence_low,visible_semantic_core_scale,short_action_window_with_query_energy_peak,query_not_short_core_capture,insufficient_two_hand_presence,0.6333333333333333,0.0,True,True,passed
web_20260523_015835_2dfac551,花,跳,/data/WYC/signLanguage/work/generated/web_scoring_mvp/web_20260523_015835_2dfac551/holistic/user_花_web_20260523_015835_2dfac551_holistic_results.json,15,30,10.0,,78.1195983881378,2.2871629830538094,75.832435405084,normal_like,low,score_valid,score_valid,needs_recapture,jump_two_hand_presence_low,flower_short_visible_core_semantic_floor,short_action_window_with_query_energy_peak,used,insufficient_two_hand_presence,1.0,0.0,True,True,passed
web_20260523_020555_09843ad1,跳,花,/data/WYC/signLanguage/work/generated/web_scoring_mvp/web_20260523_020555_09843ad1/holistic/user_跳_web_20260523_020555_09843ad1_holistic_results.json,19,37,14.682539682539682,,84.94841523300283,14.490134943272025,70.45828028973081,normal_like,low,score_valid,score_valid,semantic_mismatch,flower_jump_like_two_hand_confusion,jump_relation_semantic_floor,default,used,jump_like_two_hand_confusion,1.0,1.0,True,True,passed
web_20260523_020656_ffa06ed9,花,跳,/data/WYC/signLanguage/work/generated/web_scoring_mvp/web_20260523_020656_ffa06ed9/holistic/user_花_web_20260523_020656_ffa06ed9_holistic_results.json,15,30,10.0,,77.18833204487336,2.5901856332855115,74.59814641158785,normal_like,low,score_valid,score_valid,needs_recapture,jump_two_hand_presence_low,visible_semantic_core_scale,short_action_window_with_query_energy_peak,used,insufficient_two_hand_presence,1.0,0.16666666666666666,True,True,passed
web_20260523_020721_d12639c5,花,跳,/data/WYC/signLanguage/work/generated/web_scoring_mvp/web_20260523_020721_d12639c5/holistic/user_花_web_20260523_020721_d12639c5_holistic_results.json,15,30,10.0,,77.48293063086018,2.394994587216077,75.0879360436441,normal_like,low,score_valid,score_valid,needs_recapture,jump_two_hand_presence_low,visible_semantic_core_scale,short_action_window_with_query_energy_peak,action_window_coverage_low,insufficient_two_hand_presence,1.0,0.0,True,True,passed
web_20260523_020734_b9299448,花,跳,/data/WYC/signLanguage/work/generated/web_scoring_mvp/web_20260523_020734_b9299448/holistic/user_花_web_20260523_020734_b9299448_holistic_results.json,15,30,10.0,,78.08182582418904,2.2355901857649694,75.84623563842408,normal_like,low,score_valid,score_valid,needs_recapture,jump_two_hand_presence_low,visible_semantic_core_scale,short_action_window_with_query_energy_peak,action_window_coverage_low,insufficient_two_hand_presence,1.0,0.0,True,True,passed
web_20260523_020807_c15e8c2b,花,跳,/data/WYC/signLanguage/work/generated/web_scoring_mvp/web_20260523_020807_c15e8c2b/holistic/user_花_web_20260523_020807_c15e8c2b_holistic_results.json,15,30,10.0,,78.76797454435363,1.976093892539817,76.79188065181381,normal_like,low,score_valid,score_valid,needs_recapture,jump_two_hand_presence_low,visible_semantic_core_scale,short_action_window_with_query_energy_peak,opening_guard_too_weak,insufficient_two_hand_presence,0.6666666666666666,0.0,True,True,passed
web_20260523_020825_2312ad97,花,跳,/data/WYC/signLanguage/work/generated/web_scoring_mvp/web_20260523_020825_2312ad97/holistic/user_花_web_20260523_020825_2312ad97_holistic_results.json,45,54,18.0,,63.31809108845088,1.8758570178323548,61.442234070618525,borderline,low,score_valid,score_valid,needs_recapture,jump_two_hand_presence_low,visible_semantic_core_scale,short_action_window_with_query_energy_peak,query_not_short_core_capture,insufficient_two_hand_presence,0.7777777777777778,0.0,True,True,passed
web_20260523_020843_6ba8acd9,花,跳,/data/WYC/signLanguage/work/generated/web_scoring_mvp/web_20260523_020843_6ba8acd9/holistic/user_花_web_20260523_020843_6ba8acd9_holistic_results.json,60,60,20.0,,66.85704531405491,4.067224547169065,62.78982076688585,borderline,low,score_valid,score_valid,needs_recapture,jump_two_hand_presence_low,visible_semantic_core_scale,short_action_window_with_query_energy_peak,query_not_short_core_capture,insufficient_two_hand_presence,0.8235294117647058,0.0,True,True,passed
web_20260523_020951_6ff2657c,跳,花,/data/WYC/signLanguage/work/generated/web_scoring_mvp/web_20260523_020951_6ff2657c/holistic/user_跳_web_20260523_020951_6ff2657c_holistic_results.json,60,60,20.0,,7.283056837579631,23.41567690384878,-16.132620066269148,low,low,needs_recapture,jump_two_hand_presence_low,score_valid,score_valid,short_action_window_with_query_energy_peak,default,insufficient_two_hand_presence,query_not_short_core_capture,0.11764705882352941,1.0,False,False,not_eligible
web_20260523_021006_aef545ce,跳,花,/data/WYC/signLanguage/work/generated/web_scoring_mvp/web_20260523_021006_aef545ce/holistic/user_跳_web_20260523_021006_aef545ce_holistic_results.json,60,60,20.0,,72.86982177632768,15.729445036182499,57.140376740145186,borderline,low,score_valid,score_valid,semantic_mismatch,flower_jump_like_two_hand_confusion,jump_relation_semantic_floor,default,used,jump_like_two_hand_confusion,0.9411764705882353,1.0,True,True,passed
web_20260523_021604_9c415199,跳,花,/data/WYC/signLanguage/work/generated/web_scoring_mvp/web_20260523_021604_9c415199/holistic/user_跳_web_20260523_021604_9c415199_holistic_results.json,60,60,20.0,,4.7839703876199815,30.10918310374735,-25.325212716127368,low,low,needs_recapture,jump_two_hand_presence_low,semantic_mismatch,flower_opening_guard_failed,short_action_window_with_query_energy_peak,default,insufficient_two_hand_presence,query_not_short_core_capture,0.11764705882352941,1.0,False,False,not_eligible
web_20260523_021622_26666615,跳,花,/data/WYC/signLanguage/work/generated/web_scoring_mvp/web_20260523_021622_26666615/holistic/user_跳_web_20260523_021622_26666615_holistic_results.json,30,54,18.0,,70.08362779511887,29.289918551190215,40.79370924392866,borderline,low,score_valid,score_valid,semantic_mismatch,flower_opening_guard_failed,jump_relation_semantic_floor,default,used,query_not_short_core_capture,0.875,0.875,True,True,passed
web_20260523_022509_a44cb853,跳,花,/data/WYC/signLanguage/work/generated/web_scoring_mvp/web_20260523_022509_a44cb853/holistic/user_跳_web_20260523_022509_a44cb853_holistic_results.json,30,54,18.0,,74.91546989845658,36.95450881381092,37.96096108464566,borderline,low,score_valid,score_valid,semantic_mismatch,flower_jump_like_two_hand_confusion,jump_relation_semantic_floor,default,used,jump_like_two_hand_confusion,1.0,1.0,True,True,passed
web_20260523_023452_bd691c4f,花,跳,/data/WYC/signLanguage/work/generated/web_scoring_mvp/web_20260523_023452_bd691c4f/holistic/user_花_web_20260523_023452_bd691c4f_holistic_results.json,53,105,29.44954128440367,,79.39839837023891,5.589679160034655,73.80871921020426,normal_like,low,score_valid,score_valid,needs_recapture,jump_two_hand_presence_low,visible_semantic_core_scale,short_action_window_with_query_energy_peak,query_not_short_core_capture,insufficient_two_hand_presence,1.0,0.0,True,True,passed
web_20260523_023716_bb545221,花,跳,/data/WYC/signLanguage/work/generated/web_scoring_mvp/web_20260523_023716_bb545221/holistic/user_花_web_20260523_023716_bb545221_holistic_results.json,15,30,10.0,,75.53318443817626,1.9246845522249492,73.60849988595132,normal_like,low,score_valid,score_valid,needs_recapture,jump_two_hand_presence_low,visible_semantic_core_scale,short_action_window_with_query_energy_peak,opening_guard_too_weak,insufficient_two_hand_presence,1.0,0.0,True,True,passed
web_20260523_023729_fe2e847d,花,跳,/data/WYC/signLanguage/work/generated/web_scoring_mvp/web_20260523_023729_fe2e847d/holistic/user_花_web_20260523_023729_fe2e847d_holistic_results.json,15,30,10.0,,78.09925693366887,2.1467310003273576,75.9525259333415,normal_like,low,score_valid,score_valid,needs_recapture,jump_two_hand_presence_low,visible_semantic_core_scale,short_action_window_with_query_energy_peak,action_window_coverage_low,insufficient_two_hand_presence,1.0,0.0,True,True,passed
web_20260523_023751_844be9b0,花,跳,/data/WYC/signLanguage/work/generated/web_scoring_mvp/web_20260523_023751_844be9b0/holistic/user_花_web_20260523_023751_844be9b0_holistic_results.json,15,30,10.0,,78.30805692480041,2.1341216588082483,76.17393526599216,normal_like,low,score_valid,score_valid,needs_recapture,jump_two_hand_presence_low,visible_semantic_core_scale,short_action_window_with_query_energy_peak,action_window_coverage_low,insufficient_two_hand_presence,1.0,0.0,True,True,passed
web_20260523_023814_169a471d,花,跳,/data/WYC/signLanguage/work/generated/web_scoring_mvp/web_20260523_023814_169a471d/holistic/user_花_web_20260523_023814_169a471d_holistic_results.json,30,54,18.0,,77.05564745831941,1.091721615521148,75.96392584279826,normal_like,low,score_valid,score_valid,needs_recapture,jump_two_hand_presence_low,visible_semantic_core_scale,short_action_window_with_query_energy_peak,query_not_short_core_capture,insufficient_two_hand_presence,0.875,0.0,True,True,passed
web_20260523_023830_033d7664,花,跳,/data/WYC/signLanguage/work/generated/web_scoring_mvp/web_20260523_023830_033d7664/holistic/user_花_web_20260523_023830_033d7664_holistic_results.json,30,54,18.0,,78.8270187377436,1.2473242823470472,77.57969445539655,normal_like,low,score_valid,score_valid,needs_recapture,jump_two_hand_presence_low,visible_semantic_core_scale,short_action_window_with_query_energy_peak,query_not_short_core_capture,insufficient_two_hand_presence,0.875,0.0,True,True,passed
web_20260523_024000_dd35e1bb,跳,花,/data/WYC/signLanguage/work/generated/web_scoring_mvp/web_20260523_024000_dd35e1bb/holistic/user_跳_web_20260523_024000_dd35e1bb_holistic_results.json,30,54,18.0,,72.94307183299364,24.699699808939872,48.24337202405377,borderline,low,score_valid,score_valid,semantic_mismatch,flower_jump_like_two_hand_confusion,jump_relation_semantic_floor,default,used,jump_like_two_hand_confusion,0.75,1.0,True,True,passed
web_20260523_024025_9c6cf572,跳,花,/data/WYC/signLanguage/work/generated/web_scoring_mvp/web_20260523_024025_9c6cf572/holistic/user_跳_web_20260523_024025_9c6cf572_holistic_results.json,30,54,18.0,,3.769062346165826,39.34970319730303,-35.580640851137204,low,low,needs_recapture,jump_two_hand_presence_low,semantic_mismatch,flower_opening_guard_failed,short_action_window_with_query_energy_peak,default,insufficient_two_hand_presence,query_not_short_core_capture,0.5,1.0,False,False,not_eligible
web_20260523_024037_ff5b3fb5,跳,花,/data/WYC/signLanguage/work/generated/web_scoring_mvp/web_20260523_024037_ff5b3fb5/holistic/user_跳_web_20260523_024037_ff5b3fb5_holistic_results.json,30,54,18.0,,6.226831427977597,71.55756401805921,-65.33073259008161,low,borderline,needs_recapture,jump_two_hand_presence_low,score_valid,score_valid,short_action_window_with_query_energy_peak,visible_semantic_core_scale,insufficient_two_hand_presence,query_not_short_core_capture,0.5,1.0,False,False,not_eligible
web_20260523_030621_977512c9,花,跳,/data/WYC/signLanguage/work/generated/web_scoring_mvp/web_20260523_030621_977512c9/holistic/user_花_web_20260523_030621_977512c9_holistic_results.json,53,105,29.44954128440367,,79.39839837023891,5.589679160034655,73.80871921020426,normal_like,low,score_valid,score_valid,needs_recapture,jump_two_hand_presence_low,visible_semantic_core_scale,short_action_window_with_query_energy_peak,query_not_short_core_capture,insufficient_two_hand_presence,1.0,0.0,True,True,passed
web_20260523_030625_c3f72e11,跳,花,/data/WYC/signLanguage/work/generated/web_scoring_mvp/web_20260523_030625_c3f72e11/holistic/user_跳_web_20260523_030625_c3f72e11_holistic_results.json,19,37,14.682539682539682,,84.96471093977739,14.644099008111278,70.32061193166611,normal_like,low,score_valid,score_valid,semantic_mismatch,flower_jump_like_two_hand_confusion,jump_relation_semantic_floor,default,used,jump_like_two_hand_confusion,1.0,1.0,True,True,passed
web_20260523_031125_9cc568f2,花,跳,/data/WYC/signLanguage/work/generated/web_scoring_mvp/web_20260523_031125_9cc568f2/holistic/user_花_web_20260523_031125_9cc568f2_holistic_results.json,53,105,29.44954128440367,,79.2397950568015,6.306840945886874,72.93295411091462,normal_like,low,score_valid,score_valid,semantic_mismatch,phase_order_disorder,visible_semantic_core_scale,short_action_window_with_query_energy_peak,query_not_short_core_capture,insufficient_two_hand_presence,1.0,0.0,True,True,passed
web_20260523_031129_bd3988e8,跳,花,/data/WYC/signLanguage/work/generated/web_scoring_mvp/web_20260523_031129_bd3988e8/holistic/user_跳_web_20260523_031129_bd3988e8_holistic_results.json,19,37,14.682539682539682,,84.97386773835608,14.66747697482799,70.30639076352809,normal_like,low,score_valid,score_valid,semantic_mismatch,flower_jump_like_two_hand_confusion,jump_relation_semantic_floor,default,used,jump_like_two_hand_confusion,1.0,1.0,True,True,passed
web_20260523_031134_8688f93f,跳,花,/data/WYC/signLanguage/work/generated/web_scoring_mvp/web_20260523_031134_8688f93f/holistic/user_跳_web_20260523_031134_8688f93f_holistic_results.json,30,54,18.0,,77.61020177401426,32.779456703324946,44.83074507068931,normal_like,low,score_valid,score_valid,semantic_mismatch,flower_jump_like_two_hand_confusion,jump_relation_semantic_floor,default,used,jump_like_two_hand_confusion,0.7272727272727273,1.0,True,True,passed
web_20260523_031147_55d51ab9,跳,花,/data/WYC/signLanguage/work/generated/web_scoring_mvp/web_20260523_031147_55d51ab9/holistic/user_跳_web_20260523_031147_55d51ab9_holistic_results.json,30,54,18.0,,0.8328617528044224,71.8713940363338,-71.03853228352938,low,borderline,needs_recapture,jump_two_hand_presence_low,score_valid,score_valid,short_action_window_with_query_energy_peak,visible_semantic_core_scale,insufficient_two_hand_presence,query_not_short_core_capture,0.25,0.625,False,False,not_eligible
web_20260523_031219_0da0bd96,跳,花,/data/WYC/signLanguage/work/generated/web_scoring_mvp/web_20260523_031219_0da0bd96/holistic/user_跳_web_20260523_031219_0da0bd96_holistic_results.json,15,30,10.0,,66.51038015480857,13.964951285370706,52.54542886943787,borderline,low,score_valid,score_valid,semantic_mismatch,flower_jump_like_two_hand_confusion,jump_relation_semantic_floor,default,used,jump_like_two_hand_confusion,0.6666666666666666,1.0,True,True,passed
web_20260523_031235_d0de0d44,跳,花,/data/WYC/signLanguage/work/generated/web_scoring_mvp/web_20260523_031235_d0de0d44/holistic/user_跳_web_20260523_031235_d0de0d44_holistic_results.json,15,30,10.0,,72.5429794341052,12.827971885786141,59.715007548319065,borderline,low,score_valid,score_valid,semantic_mismatch,flower_opening_guard_failed,jump_relation_semantic_floor,default,used,opening_guard_too_weak,1.0,1.0,True,True,passed
web_20260523_031247_f927176a,跳,花,/data/WYC/signLanguage/work/generated/web_scoring_mvp/web_20260523_031247_f927176a/holistic/user_跳_web_20260523_031247_f927176a_holistic_results.json,15,30,10.0,,82.06160710461378,12.312363546619665,69.74924355799412,normal_like,low,score_valid,score_valid,semantic_mismatch,flower_opening_guard_failed,jump_relation_semantic_floor,default,used,opening_guard_too_weak,1.0,1.0,True,True,passed
web_20260523_031304_c5ddfa0c,花,跳,/data/WYC/signLanguage/work/generated/web_scoring_mvp/web_20260523_031304_c5ddfa0c/holistic/user_花_web_20260523_031304_c5ddfa0c_holistic_results.json,15,30,10.0,,78.40091878671288,2.1180215901253314,76.28289719658754,normal_like,low,score_valid,score_valid,needs_recapture,jump_two_hand_presence_low,visible_semantic_core_scale,short_action_window_with_query_energy_peak,used,insufficient_two_hand_presence,1.0,0.0,True,True,passed
web_20260523_031317_966d9c05,花,跳,/data/WYC/signLanguage/work/generated/web_scoring_mvp/web_20260523_031317_966d9c05/holistic/user_花_web_20260523_031317_966d9c05_holistic_results.json,30,54,18.0,,79.24021806825945,1.1705265260002735,78.06969154225918,normal_like,low,score_valid,score_valid,semantic_mismatch,phase_order_disorder,visible_semantic_core_scale,short_action_window_with_query_energy_peak,query_not_short_core_capture,insufficient_two_hand_presence,0.9,0.0,True,True,passed
web_20260523_031333_6c5f7460,花,跳,/data/WYC/signLanguage/work/generated/web_scoring_mvp/web_20260523_031333_6c5f7460/holistic/user_花_web_20260523_031333_6c5f7460_holistic_results.json,30,54,18.0,,77.23927680674187,1.2243029496368532,76.01497385710502,normal_like,low,score_valid,score_valid,needs_recapture,jump_two_hand_presence_low,visible_semantic_core_scale,short_action_window_with_query_energy_peak,query_not_short_core_capture,insufficient_two_hand_presence,0.875,0.0,True,True,passed
web_20260523_031345_3b07a113,花,跳,/data/WYC/signLanguage/work/generated/web_scoring_mvp/web_20260523_031345_3b07a113/holistic/user_花_web_20260523_031345_3b07a113_holistic_results.json,30,54,18.0,,54.42538927680064,1.4664521787303681,52.958937098070265,low,low,semantic_mismatch,flower_opening_guard_failed,needs_recapture,jump_two_hand_presence_low,default,short_action_window_with_query_energy_peak,query_not_short_core_capture,insufficient_two_hand_presence,0.7666666666666667,0.0,False,False,not_eligible
web_20260523_032325_7e7b2476,花,跳,/data/WYC/signLanguage/work/generated/web_scoring_mvp/web_20260523_032325_7e7b2476/holistic/user_花_web_20260523_032325_7e7b2476_holistic_results.json,30,54,18.0,,79.18631608843909,1.489179220189671,77.69713686824942,normal_like,low,score_valid,score_valid,needs_recapture,jump_two_hand_presence_low,visible_semantic_core_scale,short_action_window_with_query_energy_peak,query_not_short_core_capture,insufficient_two_hand_presence,1.0,0.0,True,True,passed
web_20260523_032344_77c9db0c,花,跳,/data/WYC/signLanguage/work/generated/web_scoring_mvp/web_20260523_032344_77c9db0c/holistic/user_花_web_20260523_032344_77c9db0c_holistic_results.json,60,60,20.0,,66.46484471770337,4.569197384049456,61.89564733365391,borderline,low,score_valid,score_valid,needs_recapture,jump_two_hand_presence_low,visible_semantic_core_scale,short_action_window_with_query_energy_peak,query_not_short_core_capture,insufficient_two_hand_presence,0.7666666666666667,0.0,True,True,passed
web_20260523_041345_488a62c3,花,跳,/data/WYC/signLanguage/work/generated/web_scoring_mvp/web_20260523_041345_488a62c3/holistic/user_花_web_20260523_041345_488a62c3_holistic_results.json,53,105,29.44954128440367,,79.2397950568015,6.306840945886874,72.93295411091462,normal_like,low,score_valid,score_valid,semantic_mismatch,phase_order_disorder,visible_semantic_core_scale,short_action_window_with_query_energy_peak,query_not_short_core_capture,insufficient_two_hand_presence,1.0,0.0,True,True,passed
web_20260523_041350_ad02e9e5,跳,花,/data/WYC/signLanguage/work/generated/web_scoring_mvp/web_20260523_041350_ad02e9e5/holistic/user_跳_web_20260523_041350_ad02e9e5_holistic_results.json,19,37,14.682539682539682,,84.97386773835608,14.66747697482799,70.30639076352809,normal_like,low,score_valid,score_valid,semantic_mismatch,flower_jump_like_two_hand_confusion,jump_relation_semantic_floor,default,used,jump_like_two_hand_confusion,1.0,1.0,True,True,passed
web_20260523_041443_0292d680,花,跳,/data/WYC/signLanguage/work/generated/web_scoring_mvp/web_20260523_041443_0292d680/holistic/user_花_web_20260523_041443_0292d680_holistic_results.json,53,105,29.44954128440367,,79.2397950568015,6.306840945886874,72.93295411091462,normal_like,low,score_valid,score_valid,semantic_mismatch,phase_order_disorder,visible_semantic_core_scale,short_action_window_with_query_energy_peak,query_not_short_core_capture,insufficient_two_hand_presence,1.0,0.0,True,True,passed
web_20260523_041447_f7341789,跳,花,/data/WYC/signLanguage/work/generated/web_scoring_mvp/web_20260523_041447_f7341789/holistic/user_跳_web_20260523_041447_f7341789_holistic_results.json,19,37,14.682539682539682,,84.97386773835608,14.66747697482799,70.30639076352809,normal_like,low,score_valid,score_valid,semantic_mismatch,flower_jump_like_two_hand_confusion,jump_relation_semantic_floor,default,used,jump_like_two_hand_confusion,1.0,1.0,True,True,passed
web_20260523_041618_e930772c,花,跳,/data/WYC/signLanguage/work/generated/web_scoring_mvp/web_20260523_041618_e930772c/holistic/user_花_web_20260523_041618_e930772c_holistic_results.json,60,60,20.0,,64.60970588941437,4.769657199158474,59.8400486902559,borderline,low,score_valid,score_valid,needs_recapture,jump_two_hand_presence_low,visible_semantic_core_scale,short_action_window_with_query_energy_peak,query_not_short_core_capture,insufficient_two_hand_presence,0.8823529411764706,0.058823529411764705,True,True,passed
web_20260523_041635_7421d5c0,花,跳,/data/WYC/signLanguage/work/generated/web_scoring_mvp/web_20260523_041635_7421d5c0/holistic/user_花_web_20260523_041635_7421d5c0_holistic_results.json,30,54,18.0,,78.93963679494192,1.1822011191117596,77.75743567583015,normal_like,low,score_valid,score_valid,needs_recapture,jump_two_hand_presence_low,visible_semantic_core_scale,short_action_window_with_query_energy_peak,query_not_short_core_capture,insufficient_two_hand_presence,0.875,0.0,True,True,passed
web_20260523_041652_402b253a,花,跳,/data/WYC/signLanguage/work/generated/web_scoring_mvp/web_20260523_041652_402b253a/holistic/user_花_web_20260523_041652_402b253a_holistic_results.json,30,54,18.0,,76.87803114987845,1.3030422437564746,75.57498890612197,normal_like,low,score_valid,score_valid,needs_recapture,jump_two_hand_presence_low,visible_semantic_core_scale,short_action_window_with_query_energy_peak,query_not_short_core_capture,insufficient_two_hand_presence,0.875,0.0,True,True,passed
web_20260523_041708_24e7d28a,花,跳,/data/WYC/signLanguage/work/generated/web_scoring_mvp/web_20260523_041708_24e7d28a/holistic/user_花_web_20260523_041708_24e7d28a_holistic_results.json,30,54,18.0,,79.2655135729492,1.0915167825984458,78.17399679035076,normal_like,low,score_valid,score_valid,needs_recapture,jump_two_hand_presence_low,visible_semantic_core_scale,short_action_window_with_query_energy_peak,query_not_short_core_capture,insufficient_two_hand_presence,0.875,0.0,True,True,passed
web_20260523_041735_ea1bbaa6,跳,花,/data/WYC/signLanguage/work/generated/web_scoring_mvp/web_20260523_041735_ea1bbaa6/holistic/user_跳_web_20260523_041735_ea1bbaa6_holistic_results.json,30,54,18.0,,73.25515503838987,34.43929970247884,38.81585533591103,borderline,low,score_valid,score_valid,semantic_mismatch,flower_jump_like_two_hand_confusion,jump_relation_semantic_floor,default,used,jump_like_two_hand_confusion,1.0,1.0,True,True,passed
web_20260523_041958_068b1181,花,跳,/data/WYC/signLanguage/work/generated/web_scoring_mvp/web_20260523_041958_068b1181/holistic/user_花_web_20260523_041958_068b1181_holistic_results.json,30,54,18.0,,79.0226212256232,1.230736123734823,77.79188510188837,normal_like,low,score_valid,score_valid,needs_recapture,jump_two_hand_presence_low,visible_semantic_core_scale,short_action_window_with_query_energy_peak,query_not_short_core_capture,insufficient_two_hand_presence,0.875,0.0,True,True,passed
web_20260523_042011_9284da87,花,跳,/data/WYC/signLanguage/work/generated/web_scoring_mvp/web_20260523_042011_9284da87/holistic/user_花_web_20260523_042011_9284da87_holistic_results.json,30,54,18.0,,79.81460309873225,1.497432679812769,78.31717041891947,normal_like,low,score_valid,score_valid,needs_recapture,jump_two_hand_presence_low,visible_semantic_core_scale,short_action_window_with_query_energy_peak,query_not_short_core_capture,insufficient_two_hand_presence,0.875,0.0,True,True,passed
web_20260523_042024_ee2fc3da,花,跳,/data/WYC/signLanguage/work/generated/web_scoring_mvp/web_20260523_042024_ee2fc3da/holistic/user_花_web_20260523_042024_ee2fc3da_holistic_results.json,30,54,18.0,,78.53756029727911,1.1572332859611651,77.38032701131795,normal_like,low,score_valid,score_valid,semantic_mismatch,phase_order_disorder,visible_semantic_core_scale,short_action_window_with_query_energy_peak,query_not_short_core_capture,insufficient_two_hand_presence,0.875,0.0,True,True,passed
web_20260523_042222_fac8359d,花,跳,/data/WYC/signLanguage/work/generated/web_scoring_mvp/web_20260523_042222_fac8359d/holistic/user_花_web_20260523_042222_fac8359d_holistic_results.json,30,54,18.0,,78.34176340206311,1.2251309868349898,77.11663241522812,normal_like,low,score_valid,score_valid,needs_recapture,jump_two_hand_presence_low,visible_semantic_core_scale,short_action_window_with_query_energy_peak,query_not_short_core_capture,insufficient_two_hand_presence,1.0,0.0,True,True,passed
web_20260523_042235_9431f1a0,花,跳,/data/WYC/signLanguage/work/generated/web_scoring_mvp/web_20260523_042235_9431f1a0/holistic/user_花_web_20260523_042235_9431f1a0_holistic_results.json,30,54,18.0,,79.19873289903553,1.1645563396591179,78.03417655937642,normal_like,low,score_valid,score_valid,needs_recapture,jump_two_hand_presence_low,visible_semantic_core_scale,short_action_window_with_query_energy_peak,query_not_short_core_capture,insufficient_two_hand_presence,0.875,0.0,True,True,passed
web_20260523_043442_e00f8b9c,花,跳,/data/WYC/signLanguage/work/generated/web_scoring_mvp/web_20260523_043442_e00f8b9c/holistic/user_花_web_20260523_043442_e00f8b9c_holistic_results.json,53,105,29.44954128440367,,79.2397950568015,6.306840945886874,72.93295411091462,normal_like,low,score_valid,score_valid,semantic_mismatch,phase_order_disorder,visible_semantic_core_scale,short_action_window_with_query_energy_peak,query_not_short_core_capture,insufficient_two_hand_presence,1.0,0.0,True,True,passed
web_20260523_043446_cbecd916,跳,花,/data/WYC/signLanguage/work/generated/web_scoring_mvp/web_20260523_043446_cbecd916/holistic/user_跳_web_20260523_043446_cbecd916_holistic_results.json,19,37,14.682539682539682,,84.97386773835608,14.66747697482799,70.30639076352809,normal_like,low,score_valid,score_valid,semantic_mismatch,flower_jump_like_two_hand_confusion,jump_relation_semantic_floor,default,used,jump_like_two_hand_confusion,1.0,1.0,True,True,passed
web_20260523_043910_b186b6a6,花,跳,/data/WYC/signLanguage/work/generated/web_scoring_mvp/web_20260523_043910_b186b6a6/holistic/user_花_web_20260523_043910_b186b6a6_holistic_results.json,30,54,18.0,,76.69491740770177,4.605660280213654,72.08925712748811,normal_like,low,score_valid,score_valid,needs_recapture,jump_two_hand_presence_low,visible_semantic_core_scale,short_action_window_with_query_energy_peak,query_not_short_core_capture,insufficient_two_hand_presence,1.0,0.0,True,True,passed
web_20260523_043923_b95a60d0,花,跳,/data/WYC/signLanguage/work/generated/web_scoring_mvp/web_20260523_043923_b95a60d0/holistic/user_花_web_20260523_043923_b95a60d0_holistic_results.json,30,54,18.0,,79.20405210414854,1.2631787993361594,77.94087330481238,normal_like,low,score_valid,score_valid,needs_recapture,jump_two_hand_presence_low,visible_semantic_core_scale,short_action_window_with_query_energy_peak,query_not_short_core_capture,insufficient_two_hand_presence,1.0,0.0,True,True,passed
web_20260523_043955_dd909904,花,跳,/data/WYC/signLanguage/work/generated/web_scoring_mvp/web_20260523_043955_dd909904/holistic/user_花_web_20260523_043955_dd909904_holistic_results.json,30,54,18.0,,79.00689200949522,1.5133768240910155,77.4935151854042,normal_like,low,score_valid,score_valid,needs_recapture,jump_two_hand_presence_low,visible_semantic_core_scale,short_action_window_with_query_energy_peak,query_not_short_core_capture,insufficient_two_hand_presence,1.0,0.0,True,True,passed
web_20260523_044018_960618af,跳,花,/data/WYC/signLanguage/work/generated/web_scoring_mvp/web_20260523_044018_960618af/holistic/user_跳_web_20260523_044018_960618af_holistic_results.json,30,54,18.0,,71.0717218009501,28.410996352935058,42.66072544801504,borderline,low,score_valid,score_valid,semantic_mismatch,flower_jump_like_two_hand_confusion,jump_relation_semantic_floor,default,used,jump_like_two_hand_confusion,0.625,1.0,True,True,passed
web_20260523_044135_12fbd5bc,跳,花,/data/WYC/signLanguage/work/generated/web_scoring_mvp/web_20260523_044135_12fbd5bc/holistic/user_跳_web_20260523_044135_12fbd5bc_holistic_results.json,30,54,18.0,,75.21195723460607,29.574875706457277,45.6370815281488,normal_like,low,score_valid,score_valid,semantic_mismatch,flower_jump_like_two_hand_confusion,jump_relation_semantic_floor,default,used,jump_like_two_hand_confusion,0.875,0.875,True,True,passed
web_20260523_044203_20778933,跳,花,/data/WYC/signLanguage/work/generated/web_scoring_mvp/web_20260523_044203_20778933/holistic/user_跳_web_20260523_044203_20778933_holistic_results.json,30,54,18.0,,4.186357829553837,72.14707872133097,-67.96072089177713,low,borderline,needs_recapture,jump_two_hand_presence_low,score_valid,score_valid,short_action_window_with_query_energy_peak,visible_semantic_core_scale,insufficient_two_hand_presence,query_not_short_core_capture,0.5,0.875,False,False,not_eligible
web_20260523_044323_2eb9eb7e,跳,花,/data/WYC/signLanguage/work/generated/web_scoring_mvp/web_20260523_044323_2eb9eb7e/holistic/user_跳_web_20260523_044323_2eb9eb7e_holistic_results.json,25,45,18.0,,75.48419760264285,25.936388451121584,49.547809151521264,normal_like,low,score_valid,score_valid,score_valid,score_valid,jump_relation_semantic_floor,default,used,query_not_short_core_capture,1.0,1.0,True,True,passed
web_20260523_044336_5d15d099,跳,花,/data/WYC/signLanguage/work/generated/web_scoring_mvp/web_20260523_044336_5d15d099/holistic/user_跳_web_20260523_044336_5d15d099_holistic_results.json,25,45,18.0,,70.85282716212777,41.535445754362634,29.317381407765133,borderline,low,score_valid,score_valid,semantic_mismatch,flower_opening_guard_failed,jump_relation_semantic_floor,default,used,query_not_short_core_capture,0.7142857142857143,1.0,True,True,passed
web_20260523_044358_00db9d4d,跳,花,/data/WYC/signLanguage/work/generated/web_scoring_mvp/web_20260523_044358_00db9d4d/holistic/user_跳_web_20260523_044358_00db9d4d_holistic_results.json,25,45,18.0,,68.5169362954662,38.55818091917995,29.95875537628625,borderline,low,score_valid,score_valid,semantic_mismatch,flower_jump_like_two_hand_confusion,jump_relation_semantic_floor,default,used,jump_like_two_hand_confusion,0.7142857142857143,1.0,True,True,passed
web_20260523_052715_1ad3c2d2,跳,花,/data/WYC/signLanguage/work/generated/web_scoring_mvp/web_20260523_052715_1ad3c2d2/holistic/user_跳_web_20260523_052715_1ad3c2d2_holistic_results.json,25,45,18.0,,78.02616343056984,26.4697365286416,51.55642690192823,normal_like,low,score_valid,score_valid,semantic_mismatch,flower_jump_like_two_hand_confusion,jump_relation_semantic_floor,default,used,jump_like_two_hand_confusion,1.0,1.0,True,True,passed
web_20260523_052731_8f51941f,跳,花,/data/WYC/signLanguage/work/generated/web_scoring_mvp/web_20260523_052731_8f51941f/holistic/user_跳_web_20260523_052731_8f51941f_holistic_results.json,25,45,18.0,,75.93259508672512,21.626616850932713,54.3059782357924,normal_like,low,score_valid,score_valid,semantic_mismatch,flower_jump_like_two_hand_confusion,jump_relation_semantic_floor,default,used,jump_like_two_hand_confusion,1.0,1.0,True,True,passed
web_20260523_052744_427c726a,花,跳,/data/WYC/signLanguage/work/generated/web_scoring_mvp/web_20260523_052744_427c726a/holistic/user_花_web_20260523_052744_427c726a_holistic_results.json,25,45,18.0,,80.05843949105305,2.121197044796289,77.93724244625676,normal_like,low,score_valid,score_valid,needs_recapture,jump_two_hand_presence_low,visible_semantic_core_scale,short_action_window_with_query_energy_peak,query_not_short_core_capture,insufficient_two_hand_presence,1.0,0.0,True,True,passed
web_20260523_052801_95c97bce,花,跳,/data/WYC/signLanguage/work/generated/web_scoring_mvp/web_20260523_052801_95c97bce/holistic/user_花_web_20260523_052801_95c97bce_holistic_results.json,30,54,18.0,,79.32177801584079,1.4522702066546311,77.86950780918616,normal_like,low,score_valid,score_valid,needs_recapture,jump_two_hand_presence_low,visible_semantic_core_scale,short_action_window_with_query_energy_peak,query_not_short_core_capture,insufficient_two_hand_presence,1.0,0.0,True,True,passed
web_20260523_052817_7ae13ce2,花,跳,/data/WYC/signLanguage/work/generated/web_scoring_mvp/web_20260523_052817_7ae13ce2/holistic/user_花_web_20260523_052817_7ae13ce2_holistic_results.json,25,45,18.0,,79.05011946544708,1.846317264867437,77.20380220057964,normal_like,low,score_valid,score_valid,needs_recapture,jump_two_hand_presence_low,visible_semantic_core_scale,short_action_window_with_query_energy_peak,query_not_short_core_capture,insufficient_two_hand_presence,1.0,0.0,True,True,passed
web_20260523_053035_073e5794,花,跳,/data/WYC/signLanguage/work/generated/web_scoring_mvp/web_20260523_053035_073e5794/holistic/user_花_web_20260523_053035_073e5794_holistic_results.json,25,45,18.0,,76.73563263980246,2.310774116340612,74.42485852346185,normal_like,low,score_valid,score_valid,needs_recapture,jump_two_hand_presence_low,visible_semantic_core_scale,short_action_window_with_query_energy_peak,query_not_short_core_capture,insufficient_two_hand_presence,1.0,0.14285714285714285,True,True,passed
web_20260523_053051_a785c84e,花,跳,/data/WYC/signLanguage/work/generated/web_scoring_mvp/web_20260523_053051_a785c84e/holistic/user_花_web_20260523_053051_a785c84e_holistic_results.json,25,45,18.0,,79.26511292952996,1.8093275869414134,77.45578534258856,normal_like,low,score_valid,score_valid,needs_recapture,jump_two_hand_presence_low,visible_semantic_core_scale,short_action_window_with_query_energy_peak,query_not_short_core_capture,insufficient_two_hand_presence,1.0,0.0,True,True,passed
web_20260523_053102_e1ff4324,花,跳,/data/WYC/signLanguage/work/generated/web_scoring_mvp/web_20260523_053102_e1ff4324/holistic/user_花_web_20260523_053102_e1ff4324_holistic_results.json,25,45,18.0,,79.53303660969901,1.7468971693836284,77.78613944031538,normal_like,low,score_valid,score_valid,semantic_mismatch,phase_order_disorder,visible_semantic_core_scale,short_action_window_with_query_energy_peak,query_not_short_core_capture,insufficient_two_hand_presence,1.0,0.0,True,True,passed
web_20260523_053116_49159767,花,跳,/data/WYC/signLanguage/work/generated/web_scoring_mvp/web_20260523_053116_49159767/holistic/user_花_web_20260523_053116_49159767_holistic_results.json,25,45,18.0,,79.45374184950865,1.9037889591701913,77.54995289033846,normal_like,low,score_valid,score_valid,needs_recapture,jump_two_hand_presence_low,visible_semantic_core_scale,short_action_window_with_query_energy_peak,query_not_short_core_capture,insufficient_two_hand_presence,1.0,0.0,True,True,passed
web_20260523_053128_81d821bf,花,跳,/data/WYC/signLanguage/work/generated/web_scoring_mvp/web_20260523_053128_81d821bf/holistic/user_花_web_20260523_053128_81d821bf_holistic_results.json,25,45,18.0,,79.58365089397635,1.72181401837262,77.86183687560373,normal_like,low,score_valid,score_valid,needs_recapture,jump_two_hand_presence_low,visible_semantic_core_scale,short_action_window_with_query_energy_peak,query_not_short_core_capture,insufficient_two_hand_presence,1.0,0.0,True,True,passed
web_20260523_053203_4ec1e6ab,花,跳,/data/WYC/signLanguage/work/generated/web_scoring_mvp/web_20260523_053203_4ec1e6ab/holistic/user_花_web_20260523_053203_4ec1e6ab_holistic_results.json,25,45,18.0,,79.59467492174286,1.7603963642098712,77.834278557533,normal_like,low,score_valid,score_valid,semantic_mismatch,phase_order_disorder,visible_semantic_core_scale,short_action_window_with_query_energy_peak,query_not_short_core_capture,insufficient_two_hand_presence,1.0,0.0,True,True,passed
web_20260523_053241_5fbbf9c7,跳,花,/data/WYC/signLanguage/work/generated/web_scoring_mvp/web_20260523_053241_5fbbf9c7/holistic/user_跳_web_20260523_053241_5fbbf9c7_holistic_results.json,25,45,18.0,,75.983181531921,20.057327944787023,55.925853587133986,normal_like,low,score_valid,score_valid,semantic_mismatch,flower_jump_like_two_hand_confusion,jump_relation_semantic_floor,default,used,jump_like_two_hand_confusion,1.0,1.0,True,True,passed
web_20260523_053254_bd7f1d1c,跳,花,/data/WYC/signLanguage/work/generated/web_scoring_mvp/web_20260523_053254_bd7f1d1c/holistic/user_跳_web_20260523_053254_bd7f1d1c_holistic_results.json,25,45,18.0,,3.0448594719449633,36.73122603055706,-33.6863665586121,low,low,needs_recapture,jump_two_hand_presence_low,semantic_mismatch,flower_opening_guard_failed,short_action_window_with_query_energy_peak,default,insufficient_two_hand_presence,query_not_short_core_capture,0.42857142857142855,1.0,False,False,not_eligible
web_20260523_053309_28821cfd,跳,花,/data/WYC/signLanguage/work/generated/web_scoring_mvp/web_20260523_053309_28821cfd/holistic/user_跳_web_20260523_053309_28821cfd_holistic_results.json,25,45,18.0,,3.491450297374847,72.83700394079155,-69.34555364341671,low,borderline,needs_recapture,jump_two_hand_presence_low,score_valid,score_valid,short_action_window_with_query_energy_peak,visible_semantic_core_scale,insufficient_two_hand_presence,query_not_short_core_capture,0.5714285714285714,1.0,False,False,not_eligible
web_20260523_053345_da4d1ec9,跳,花,/data/WYC/signLanguage/work/generated/web_scoring_mvp/web_20260523_053345_da4d1ec9/holistic/user_跳_web_20260523_053345_da4d1ec9_holistic_results.json,25,45,18.0,,2.365787951869093,79.12374654558259,-76.7579585937135,low,normal_like,needs_recapture,jump_two_hand_presence_low,score_valid,score_valid,short_action_window_with_query_energy_peak,visible_semantic_core_scale,insufficient_two_hand_presence,query_not_short_core_capture,0.0,1.0,False,False,not_eligible
web_20260523_053401_8934d89a,跳,花,/data/WYC/signLanguage/work/generated/web_scoring_mvp/web_20260523_053401_8934d89a/holistic/user_跳_web_20260523_053401_8934d89a_holistic_results.json,25,45,18.0,,3.6431533993163545,78.15838452545408,-74.51523112613772,low,normal_like,needs_recapture,jump_two_hand_presence_low,score_valid,score_valid,short_action_window_with_query_energy_peak,visible_semantic_core_scale,insufficient_two_hand_presence,query_not_short_core_capture,0.0,1.0,False,False,not_eligible
web_20260523_053940_f86fc279,跳,花,/data/WYC/signLanguage/work/generated/web_scoring_mvp/web_20260523_053940_f86fc279/holistic/user_跳_web_20260523_053940_f86fc279_holistic_results.json,25,45,18.0,,2.2024919013715687,40.97377487073491,-38.77128296936334,low,low,needs_recapture,jump_two_hand_presence_low,semantic_mismatch,flower_opening_guard_failed,short_action_window_with_query_energy_peak,default,insufficient_two_hand_presence,query_not_short_core_capture,0.42857142857142855,0.8571428571428571,False,False,not_eligible
web_20260523_062341_afa8c368,花,跳,/data/WYC/signLanguage/work/generated/web_scoring_mvp/web_20260523_062341_afa8c368/holistic/user_花_web_20260523_062341_afa8c368_holistic_results.json,20,36,18.0,,15.69411755969346,3.079662585515374,12.614454974178086,low,low,semantic_mismatch,flower_opening_guard_failed,semantic_mismatch,relation_direction_mismatch,default,short_action_window_with_query_energy_peak,query_not_short_core_capture,relation_direction_mismatch,1.0,0.75,False,False,not_eligible
web_20260523_062353_2b6f64cd,花,跳,/data/WYC/signLanguage/work/generated/web_scoring_mvp/web_20260523_062353_2b6f64cd/holistic/user_花_web_20260523_062353_2b6f64cd_holistic_results.json,25,45,18.0,,79.52980911987503,2.109743472198517,77.42006564767651,normal_like,low,score_valid,score_valid,needs_recapture,jump_two_hand_presence_low,visible_semantic_core_scale,short_action_window_with_query_energy_peak,query_not_short_core_capture,insufficient_two_hand_presence,1.0,0.0,True,True,passed
web_20260523_062406_09525c5f,花,跳,/data/WYC/signLanguage/work/generated/web_scoring_mvp/web_20260523_062406_09525c5f/holistic/user_花_web_20260523_062406_09525c5f_holistic_results.json,25,45,18.0,,80.02240105598675,2.11296189069215,77.9094391652946,normal_like,low,score_valid,score_valid,needs_recapture,jump_two_hand_presence_low,visible_semantic_core_scale,short_action_window_with_query_energy_peak,query_not_short_core_capture,insufficient_two_hand_presence,1.0,0.0,True,True,passed
web_20260523_062420_5aea4dd9,花,跳,/data/WYC/signLanguage/work/generated/web_scoring_mvp/web_20260523_062420_5aea4dd9/holistic/user_花_web_20260523_062420_5aea4dd9_holistic_results.json,25,45,18.0,,78.62361889539538,1.8980383777222554,76.72558051767312,normal_like,low,score_valid,score_valid,semantic_mismatch,phase_order_disorder,visible_semantic_core_scale,short_action_window_with_query_energy_peak,query_not_short_core_capture,insufficient_two_hand_presence,1.0,0.0,True,True,passed
web_20260523_062433_e3e870b6,花,跳,/data/WYC/signLanguage/work/generated/web_scoring_mvp/web_20260523_062433_e3e870b6/holistic/user_花_web_20260523_062433_e3e870b6_holistic_results.json,25,45,18.0,,80.00747951449698,1.6880722314510468,78.31940728304593,normal_like,low,score_valid,score_valid,needs_recapture,jump_two_hand_presence_low,visible_semantic_core_scale,short_action_window_with_query_energy_peak,query_not_short_core_capture,insufficient_two_hand_presence,0.8571428571428571,0.0,True,True,passed
web_20260523_062644_9a457871,花,跳,/data/WYC/signLanguage/work/generated/web_scoring_mvp/web_20260523_062644_9a457871/holistic/user_花_web_20260523_062644_9a457871_holistic_results.json,25,45,18.0,,79.94084919136743,1.749547241351532,78.1913019500159,normal_like,low,score_valid,score_valid,needs_recapture,jump_two_hand_presence_low,visible_semantic_core_scale,short_action_window_with_query_energy_peak,query_not_short_core_capture,insufficient_two_hand_presence,1.0,0.0,True,True,passed
web_20260523_063002_0aa1419e,跳,花,/data/WYC/signLanguage/work/generated/web_scoring_mvp/web_20260523_063002_0aa1419e/holistic/user_跳_web_20260523_063002_0aa1419e_holistic_results.json,25,45,18.0,,4.239826394505696,41.01585127939919,-36.776024884893495,low,low,needs_recapture,jump_two_hand_presence_low,semantic_mismatch,flower_opening_guard_failed,short_action_window_with_query_energy_peak,default,insufficient_two_hand_presence,query_not_short_core_capture,0.2857142857142857,1.0,False,False,not_eligible
web_20260523_063015_4017237e,跳,花,/data/WYC/signLanguage/work/generated/web_scoring_mvp/web_20260523_063015_4017237e/holistic/user_跳_web_20260523_063015_4017237e_holistic_results.json,25,45,18.0,,8.918992977808744,22.89419491890073,-13.975201941091987,low,low,needs_recapture,jump_two_hand_presence_low,semantic_mismatch,flower_jump_like_two_hand_confusion,short_action_window_with_query_energy_peak,default,insufficient_two_hand_presence,jump_like_two_hand_confusion,1.0,0.8571428571428571,False,False,not_eligible
web_20260523_063026_c2f04725,跳,花,/data/WYC/signLanguage/work/generated/web_scoring_mvp/web_20260523_063026_c2f04725/holistic/user_跳_web_20260523_063026_c2f04725_holistic_results.json,25,45,18.0,,71.07483265288036,27.629463995474907,43.44536865740545,borderline,low,score_valid,score_valid,semantic_mismatch,flower_jump_like_two_hand_confusion,jump_relation_semantic_floor,default,used,jump_like_two_hand_confusion,0.8571428571428571,1.0,True,True,passed
web_20260523_063052_fc94e4f7,跳,花,/data/WYC/signLanguage/work/generated/web_scoring_mvp/web_20260523_063052_fc94e4f7/holistic/user_跳_web_20260523_063052_fc94e4f7_holistic_results.json,25,45,18.0,,75.14652934000428,31.292752389107292,43.853776950896986,normal_like,low,score_valid,score_valid,semantic_mismatch,flower_jump_like_two_hand_confusion,jump_relation_semantic_floor,default,used,jump_like_two_hand_confusion,1.0,1.0,True,True,passed
web_20260523_063109_8727dac1,跳,花,/data/WYC/signLanguage/work/generated/web_scoring_mvp/web_20260523_063109_8727dac1/holistic/user_跳_web_20260523_063109_8727dac1_holistic_results.json,25,45,18.0,,65.1906745843863,35.67840123728153,29.512273347104774,borderline,low,score_valid,score_valid,semantic_mismatch,flower_jump_like_two_hand_confusion,jump_relation_semantic_floor,default,used,jump_like_two_hand_confusion,0.625,1.0,True,True,passed
web_20260523_063159_324827f7,花,跳,/data/WYC/signLanguage/work/generated/web_scoring_mvp/web_20260523_063159_324827f7/holistic/user_花_web_20260523_063159_324827f7_holistic_results.json,15,30,10.0,,78.46302938015793,2.540621467670947,75.92240791248699,normal_like,low,score_valid,score_valid,needs_recapture,jump_two_hand_presence_low,visible_semantic_core_scale,short_action_window_with_query_energy_peak,used,insufficient_two_hand_presence,1.0,0.0,True,True,passed
web_20260523_063217_bd40ee0c,花,跳,/data/WYC/signLanguage/work/generated/web_scoring_mvp/web_20260523_063217_bd40ee0c/holistic/user_花_web_20260523_063217_bd40ee0c_holistic_results.json,30,54,18.0,,79.2439729650452,1.316249731957018,77.92772323308819,normal_like,low,score_valid,score_valid,needs_recapture,jump_two_hand_presence_low,visible_semantic_core_scale,short_action_window_with_query_energy_peak,query_not_short_core_capture,insufficient_two_hand_presence,1.0,0.0,True,True,passed
web_20260523_063230_6a3bad1f,花,跳,/data/WYC/signLanguage/work/generated/web_scoring_mvp/web_20260523_063230_6a3bad1f/holistic/user_花_web_20260523_063230_6a3bad1f_holistic_results.json,25,45,18.0,,79.67382118869443,1.7741881689144163,77.89963301978001,normal_like,low,score_valid,score_valid,needs_recapture,jump_two_hand_presence_low,visible_semantic_core_scale,short_action_window_with_query_energy_peak,query_not_short_core_capture,insufficient_two_hand_presence,1.0,0.0,True,True,passed
web_20260523_071212_4547d033,花,跳,/data/WYC/signLanguage/work/generated/web_scoring_mvp/web_20260523_071212_4547d033/holistic/user_花_web_20260523_071212_4547d033_holistic_results.json,25,45,18.0,,79.55953575021618,1.79052946694961,77.76900628326658,normal_like,low,score_valid,score_valid,needs_recapture,jump_two_hand_presence_low,visible_semantic_core_scale,short_action_window_with_query_energy_peak,query_not_short_core_capture,insufficient_two_hand_presence,1.0,0.0,True,True,passed
web_20260523_071306_071a2172,花,跳,/data/WYC/signLanguage/work/generated/web_scoring_mvp/web_20260523_071306_071a2172/holistic/user_花_web_20260523_071306_071a2172_holistic_results.json,15,30,10.0,,76.92287432056455,2.2395763100368478,74.6832980105277,normal_like,low,score_valid,score_valid,needs_recapture,jump_two_hand_presence_low,flower_short_visible_core_semantic_floor,short_action_window_with_query_energy_peak,used,insufficient_two_hand_presence,1.0,0.0,True,True,passed
web_20260523_071320_415e2975,花,跳,/data/WYC/signLanguage/work/generated/web_scoring_mvp/web_20260523_071320_415e2975/holistic/user_花_web_20260523_071320_415e2975_holistic_results.json,15,30,10.0,,78.39183513989589,2.441046813821901,75.95078832607399,normal_like,low,score_valid,score_valid,needs_recapture,jump_two_hand_presence_low,visible_semantic_core_scale,short_action_window_with_query_energy_peak,used,insufficient_two_hand_presence,1.0,0.0,True,True,passed
web_20260523_071339_f3f432d2,花,跳,/data/WYC/signLanguage/work/generated/web_scoring_mvp/web_20260523_071339_f3f432d2/holistic/user_花_web_20260523_071339_f3f432d2_holistic_results.json,25,45,18.0,,79.4095590622068,1.7941552908298508,77.61540377137695,normal_like,low,score_valid,score_valid,needs_recapture,jump_two_hand_presence_low,visible_semantic_core_scale,short_action_window_with_query_energy_peak,query_not_short_core_capture,insufficient_two_hand_presence,1.0,0.0,True,True,passed
web_20260523_071415_2505a91e,花,跳,/data/WYC/signLanguage/work/generated/web_scoring_mvp/web_20260523_071415_2505a91e/holistic/user_花_web_20260523_071415_2505a91e_holistic_results.json,25,45,18.0,,79.11559662089849,2.9692899155886203,76.14630670530987,normal_like,low,score_valid,score_valid,needs_recapture,jump_two_hand_presence_low,visible_semantic_core_scale,short_action_window_with_query_energy_peak,query_not_short_core_capture,insufficient_two_hand_presence,0.8571428571428571,0.14285714285714285,True,True,passed
web_20260602_212933_7ad54f26,花,跳,/data/WYC/signLanguage/work/generated/web_scoring_mvp/web_20260602_212933_7ad54f26/holistic/user_花_web_20260602_212933_7ad54f26_holistic_results.json,15,30,10.0,,14.862884114352834,0.331838884252589,14.531045230100245,low,low,needs_recapture,flower_core_hand_presence_low,needs_recapture,jump_two_hand_presence_low,default,short_action_window_with_query_energy_peak,insufficient_core_hand_presence,insufficient_two_hand_presence,0.0,0.0,False,False,not_eligible
web_20260602_212951_e1173da1,花,跳,/data/WYC/signLanguage/work/generated/web_scoring_mvp/web_20260602_212951_e1173da1/holistic/user_花_web_20260602_212951_e1173da1_holistic_results.json,15,30,10.0,,77.62491144989006,2.008236551773399,75.61667489811667,normal_like,low,score_valid,score_valid,semantic_mismatch,phase_order_disorder,visible_semantic_core_scale,short_action_window_with_query_energy_peak,action_window_coverage_low,insufficient_two_hand_presence,1.0,0.0,True,True,passed
web_20260602_213015_411a2ecd,花,跳,/data/WYC/signLanguage/work/generated/web_scoring_mvp/web_20260602_213015_411a2ecd/holistic/user_花_web_20260602_213015_411a2ecd_holistic_results.json,30,54,18.0,,78.86089449865257,0.14406961322009468,78.71682488543247,normal_like,low,score_valid,score_valid,needs_recapture,jump_two_hand_presence_low,visible_semantic_core_scale,short_action_window_with_query_energy_peak,query_not_short_core_capture,insufficient_two_hand_presence,1.0,0.0,True,True,passed
web_20260602_213030_368950ee,花,跳,/data/WYC/signLanguage/work/generated/web_scoring_mvp/web_20260602_213030_368950ee/holistic/user_花_web_20260602_213030_368950ee_holistic_results.json,25,45,18.0,,78.35512494388232,0.2090023777050044,78.14612256617731,normal_like,low,score_valid,score_valid,needs_recapture,jump_two_hand_presence_low,visible_semantic_core_scale,short_action_window_with_query_energy_peak,query_not_short_core_capture,insufficient_two_hand_presence,1.0,0.0,True,True,passed
web_20260602_213050_ec3d0907,花,跳,/data/WYC/signLanguage/work/generated/web_scoring_mvp/web_20260602_213050_ec3d0907/holistic/user_花_web_20260602_213050_ec3d0907_holistic_results.json,25,45,18.0,,79.51660170577749,1.5472207066335713,77.96938099914392,normal_like,low,score_valid,score_valid,needs_recapture,jump_two_hand_presence_low,visible_semantic_core_scale,short_action_window_with_query_energy_peak,query_not_short_core_capture,insufficient_two_hand_presence,1.0,0.0,True,True,passed
web_20260602_213918_4947c25e,花,跳,/data/WYC/signLanguage/work/generated/web_scoring_mvp/web_20260602_213918_4947c25e/holistic/user_花_web_20260602_213918_4947c25e_holistic_results.json,25,45,18.0,,79.70653210079507,0.9550373255973715,78.7514947751977,normal_like,low,score_valid,score_valid,needs_recapture,jump_two_hand_presence_low,visible_semantic_core_scale,short_action_window_with_query_energy_peak,query_not_short_core_capture,insufficient_two_hand_presence,0.8888888888888888,0.0,True,True,passed
web_20260602_214010_3f951c51,跳,花,/data/WYC/signLanguage/work/generated/web_scoring_mvp/web_20260602_214010_3f951c51/holistic/user_跳_web_20260602_214010_3f951c51_holistic_results.json,25,45,18.0,,75.32524082818409,26.618111048013972,48.70712978017012,normal_like,low,score_valid,score_valid,semantic_mismatch,flower_jump_like_two_hand_confusion,jump_relation_semantic_floor,default,used,jump_like_two_hand_confusion,1.0,1.0,True,True,passed
web_20260602_214656_3fae071b,跳,花,/data/WYC/signLanguage/work/generated/web_scoring_mvp/web_20260602_214656_3fae071b/holistic/user_跳_web_20260602_214656_3fae071b_holistic_results.json,25,45,18.0,,1.353793221951907,78.51896415599337,-77.16517093404147,low,normal_like,needs_recapture,jump_two_hand_presence_low,score_valid,score_valid,short_action_window_with_query_energy_peak,visible_semantic_core_scale,insufficient_two_hand_presence,query_not_short_core_capture,0.25,0.7142857142857143,False,False,not_eligible
web_20260602_233301_233b8215,花,跳,/data/WYC/signLanguage/work/generated/web_scoring_mvp/web_20260602_233301_233b8215/holistic/user_花_web_20260602_233301_233b8215_holistic_results.json,6,59,10.0,,2.9127845134605423,0.8031239366102499,2.1096605768502923,low,low,semantic_mismatch,flower_opening_guard_failed,needs_recapture,jump_two_hand_presence_low,default,short_action_window_with_query_energy_peak,opening_guard_too_weak,insufficient_two_hand_presence,1.0,0.0,False,False,not_eligible
web_20260602_233302_d92c0ce2,跳,花,/data/WYC/signLanguage/work/generated/web_scoring_mvp/web_20260602_233302_d92c0ce2/holistic/user_跳_web_20260602_233302_d92c0ce2_holistic_results.json,9,23,10.0,,70.66087408300758,3.552020770097112,67.10885331291047,borderline,low,score_valid,score_valid,semantic_mismatch,flower_jump_like_two_hand_confusion,jump_relation_semantic_floor,default,used,jump_like_two_hand_confusion,1.0,1.0,True,True,passed
web_20260602_233343_899e6970,花,跳,/data/WYC/signLanguage/work/generated/web_scoring_mvp/web_20260602_233343_899e6970/holistic/user_花_web_20260602_233343_899e6970_holistic_results.json,53,105,10.0,,76.89925771288746,7.473900153605198,69.42535755928226,normal_like,low,score_valid,score_valid,needs_recapture,jump_two_hand_presence_low,visible_semantic_core_scale,short_action_window_with_query_energy_peak,query_not_short_core_capture,insufficient_two_hand_presence,1.0,0.0,True,True,passed
web_20260602_233348_53e3df5d,跳,花,/data/WYC/signLanguage/work/generated/web_scoring_mvp/web_20260602_233348_53e3df5d/holistic/user_跳_web_20260602_233348_53e3df5d_holistic_results.json,19,37,10.0,,88.57686551142223,14.820849917798846,73.75601559362337,normal_like,low,score_valid,score_valid,semantic_mismatch,flower_jump_like_two_hand_confusion,short_action_window_with_query_energy_peak,default,used,jump_like_two_hand_confusion,0.8888888888888888,1.0,True,True,passed
